-- phpMyAdmin SQL Dump
-- version 5.2.1
-- https://www.phpmyadmin.net/
--
-- Host: 127.0.0.1
-- Tempo de geração: 03/02/2025 às 01:58
-- Versão do servidor: 10.4.32-MariaDB
-- Versão do PHP: 8.2.12

SET SQL_MODE = "NO_AUTO_VALUE_ON_ZERO";
START TRANSACTION;
SET time_zone = "+00:00";


/*!40101 SET @OLD_CHARACTER_SET_CLIENT=@@CHARACTER_SET_CLIENT */;
/*!40101 SET @OLD_CHARACTER_SET_RESULTS=@@CHARACTER_SET_RESULTS */;
/*!40101 SET @OLD_COLLATION_CONNECTION=@@COLLATION_CONNECTION */;
/*!40101 SET NAMES utf8mb4 */;

--
-- Banco de dados: `seminariobd`
--

DELIMITER $$
--
-- Procedimentos
--
CREATE DEFINER=`root`@`localhost` PROCEDURE `AlterarProdutoQuantidade` (IN `p_cod` VARCHAR(12), IN `p_nf` INT, IN `p_nova_quantidade` FLOAT)   BEGIN
    UPDATE produtos SET quantidade = p_nova_quantidade
    WHERE cod = p_cod AND nf = p_nf;
END$$

CREATE DEFINER=`root`@`localhost` PROCEDURE `AttrDataEntregaMonitor` (IN `p_IdMonitoramento` INT, IN `p_DataEntrega` DATE)   BEGIN
    UPDATE monitoramento
    SET data_entrega = p_DataEntrega
    WHERE Id = p_IdMonitoramento;
END$$

CREATE DEFINER=`root`@`localhost` PROCEDURE `Test_LimparNotas` ()   BEGIN
       DELETE FROM CRUZEIRO_NOTAS WHERE 1;
        DELETE FROM PLENA_NOTAS WHERE 1;
        DELETE FROM AURORA_NOTAS WHERE 1;
        DELETE FROM REDES WHERE 1;
        DELETE FROM SUINCO_NOTAS WHERE 1;
        DELETE FROM PRODUTOS WHERE 1;
        DELETE FROM NOTAS WHERE 1;
        DELETE FROM MONITORAMENTO WHERE 1;
        DELETE FROM clientes WHERE 1;
        DELETE FROM dellys_notas WHERE 1;
        

      
   END$$

CREATE DEFINER=`root`@`localhost` PROCEDURE `UpMotoristas_Caminhoes` (IN `p_placa` CHAR(8), IN `p_modelo` CHAR(1), IN `p_nome` VARCHAR(20), IN `p_CPF_motorista` CHAR(11), IN `p_num_habilitacao` INT, IN `p_venci_habilitacao` DATE)   BEGIN
  -- Verifica se a placa já existe na tabela
  IF NOT EXISTS (SELECT 1 FROM caminhoes WHERE placa = p_placa) THEN
      INSERT INTO caminhoes (placa, modelo) VALUES (p_placa, p_modelo);
      SELECT 'Caminhão inserido com sucesso.' AS Mensagem;
  ELSE
      SELECT 'Placa já cadastrada. Não foi possível inserir o caminhão.' AS Mensagem_Caminhao;
  END IF;

  -- Verifica se o motorista já existe na tabela
  IF NOT EXISTS (SELECT 1 FROM motorista WHERE cpf_motorista = p_CPF_motorista) THEN
      INSERT INTO motorista (nome, CPF_motorista, num_habilitacao, venci_habilitacao) VALUES (p_nome, p_CPF_motorista, p_num_habilitacao, p_venci_habilitacao);
      SELECT 'Motorista inserido com sucesso.' AS Mensagem;
  ELSE
      SELECT 'Motorista já cadastrado. Não foi possível inseri-lo.' AS Mensagem_Motorista;
  END IF;

  -- Atualiza a tabela motorista_caminhoes
  IF NOT EXISTS (SELECT 1 FROM motorista_caminhoes WHERE fk_cpf_motorista = p_CPF_motorista AND fk_placa = p_placa) THEN
      INSERT INTO motorista_caminhoes (fk_placa, fk_cpf_motorista) VALUES (p_placa, p_CPF_motorista);
      SELECT 'Tabela motorista_caminhoes atualizada com sucesso!' AS Info;
  ELSE
      SELECT 'Motorista já associado ao caminhão selecionado.' AS Info;
  END IF;
END$$

CREATE DEFINER=`root`@`localhost` PROCEDURE `VerificarMonitoramentosAtivos` ()   BEGIN
    SELECT *
    FROM visao_monitoramento
    WHERE largada >= CURDATE();
END$$

DELIMITER ;

-- --------------------------------------------------------

--
-- Estrutura para tabela `anomalias`
--

CREATE TABLE `anomalias` (
  `cod` smallint(10) UNSIGNED NOT NULL,
  `nf` varchar(14) NOT NULL,
  `tipo` varchar(16) NOT NULL,
  `motivo` varchar(40) NOT NULL,
  `cod_item` varchar(8) DEFAULT NULL,
  `quantidade` float DEFAULT NULL,
  `unidade` varchar(4) DEFAULT NULL,
  `peso` float NOT NULL,
  `Devolvida` varchar(1) NOT NULL DEFAULT 'N',
  `observacao` text DEFAULT NULL,
  `data_devolucao` date DEFAULT NULL
) ENGINE=InnoDB DEFAULT CHARSET=utf8mb4 COLLATE=utf8mb4_general_ci;

--
-- Despejando dados para a tabela `anomalias`
--

INSERT INTO `anomalias` (`cod`, `nf`, `tipo`, `motivo`, `cod_item`, `quantidade`, `unidade`, `peso`, `Devolvida`, `observacao`, `data_devolucao`) VALUES
(13, '3987777', 'devolucaoTotal', '01-Atraso na Entrega', '202853-0', 2, 'KG', 30, 'N', NULL, NULL),
(14, '3987750', 'reentrega', '01-Atraso na Entrega', '202851-0', 300, 'KG', 4500, 'N', NULL, NULL);

-- --------------------------------------------------------

--
-- Estrutura para tabela `aurora_notas`
--

CREATE TABLE `aurora_notas` (
  `fk_notas_n_nota` varchar(14) NOT NULL,
  `n_carga` int(8) NOT NULL
) ENGINE=InnoDB DEFAULT CHARSET=utf8mb4 COLLATE=utf8mb4_general_ci;

--
-- Despejando dados para a tabela `aurora_notas`
--

INSERT INTO `aurora_notas` (`fk_notas_n_nota`, `n_carga`) VALUES
('515565', 13316020),
('515566', 13316020),
('515567', 13316020),
('515568', 13316020),
('515569', 13316020),
('515570', 13316020),
('515571', 13316020),
('515572', 13316020),
('515573', 13316020),
('515574', 13316020),
('515575', 13316020),
('515576', 13316020),
('515577', 13316020),
('515578', 13316020),
('515579', 13316020),
('515580', 13316020),
('515581', 13316020),
('515582', 13316020),
('515583', 13316020),
('515584', 13316020),
('515585', 13316020),
('515586', 13316020),
('515587', 13316020),
('515588', 13316020),
('515589', 13316020),
('515590', 13316020),
('515591', 13316020),
('515592', 13316020),
('515593', 13316020),
('515594', 13316020),
('515595', 13316020),
('515596', 13316020),
('515597', 13316020),
('515598', 13316020),
('515599', 13316020),
('515600', 13316020),
('515601', 13316020),
('515602', 13316020),
('515603', 13316020),
('515604', 13316020),
('515605', 13316020),
('515606', 13316020),
('515607', 13316020),
('515608', 13316020),
('515609', 13316020),
('515610', 13316020),
('515611', 13316020),
('515612', 13316020),
('515613', 13316020),
('515614', 13316020),
('515615', 13316020),
('515616', 13316020),
('515617', 13316020),
('515618', 13316020),
('515619', 13316020),
('515620', 13316020),
('515621', 13316020),
('515622', 13316020),
('515623', 13316020),
('515624', 13316020),
('515625', 13316020),
('515626', 13316020),
('515627', 13316020),
('515628', 13316020),
('515629', 13316020),
('515630', 13316020),
('515631', 13316020),
('515632', 13316020),
('515633', 13316020),
('515634', 13316020),
('515635', 13316020),
('515636', 13316020),
('515637', 13316020),
('515638', 13316020),
('515639', 13316020),
('515640', 13316020),
('515641', 13316020),
('515642', 13316020),
('515643', 13316020),
('515644', 13316020),
('515645', 13316020),
('515646', 13316020),
('515647', 13316020),
('515648', 13316020),
('515649', 13316020),
('515650', 13316020),
('515651', 13316020),
('515652', 13316020),
('515653', 13316020),
('515654', 13316020),
('515655', 13316020),
('515656', 13316020),
('515657', 13316020),
('515658', 13316020),
('515659', 13316020),
('515660', 13316020),
('515661', 13316020),
('515662', 13316020),
('515663', 13316020),
('515664', 13316020),
('515665', 13316020),
('515666', 13316020),
('515667', 13316020),
('515668', 13316020),
('515669', 13316020),
('515670', 13316020),
('515671', 13316020),
('515672', 13316020),
('515673', 13316020),
('515674', 13316020),
('515675', 13316020),
('515676', 13316020),
('515677', 13316020),
('515679', 13316020),
('515680', 13316020),
('515681', 13316020),
('515682', 13316020),
('515683', 13316020),
('515684', 13316020),
('515685', 13316020),
('515686', 13316020),
('515687', 13316020),
('515688', 13316020),
('515689', 13316020),
('515690', 13316020),
('515691', 13316020),
('515692', 13316020),
('515693', 13316020),
('515694', 13316020),
('515695', 13316020),
('515696', 13316020),
('515697', 13316020),
('515698', 13316020),
('515699', 13316020),
('515700', 13316020),
('515701', 13316020),
('515702', 13316020),
('515703', 13316020),
('515704', 13316020),
('515705', 13316020),
('515706', 13316020),
('515707', 13316020),
('515708', 13316020),
('515709', 13316020),
('515710', 13316020),
('515711', 13316020),
('515712', 13316020),
('515713', 13316020),
('515714', 13316020),
('515715', 13316020),
('515716', 13316020),
('515717', 13316020),
('515718', 13316020),
('515719', 13316020),
('515720', 13316020),
('515721', 13316020),
('515722', 13316020),
('515723', 13316020),
('515724', 13316020),
('515725', 13316020),
('515726', 13316020),
('515727', 13316020),
('515728', 13316020),
('515729', 13316020),
('515730', 13316020),
('515731', 13316020),
('515732', 13316020),
('515733', 13316020),
('515734', 13316020),
('515735', 13316020),
('515736', 13316020),
('515737', 13316020),
('515738', 13316020),
('515739', 13316020),
('515740', 13316020),
('515741', 13316020);

-- --------------------------------------------------------

--
-- Estrutura para tabela `base_rotas`
--

CREATE TABLE `base_rotas` (
  `id` smallint(6) UNSIGNED NOT NULL,
  `cidade` varchar(30) NOT NULL,
  `rota` varchar(20) NOT NULL
) ENGINE=InnoDB DEFAULT CHARSET=utf8mb4 COLLATE=utf8mb4_general_ci;

--
-- Despejando dados para a tabela `base_rotas`
--

INSERT INTO `base_rotas` (`id`, `cidade`, `rota`) VALUES
(1, 'ALMENARA', 'ALMENARA'),
(2, 'BOCAIUVA', 'BOCAIUVA'),
(3, 'ENGENHEIRO NAVARRO', 'BOCAIUVA'),
(4, 'GUARACIAMA', 'BOCAIUVA'),
(5, 'ARACUAI', 'ARACUAI'),
(6, 'SALINAS', 'ARACUAI'),
(7, 'FRANCISCO SA', 'ARACUAI'),
(8, 'CAPITAO ENEAS', 'JANAUBA'),
(9, 'JANAUBA', 'JANAUBA'),
(10, 'NOVA PORTEIRINHA', 'JANAUBA'),
(11, 'PORTEIRINHA', 'JANAUBA'),
(12, 'BRASILIA DE MINAS', 'JANUARIA'),
(13, 'JANUARIA', 'JANUARIA'),
(14, 'JAPONVAR', 'JANUARIA'),
(15, 'LONTRA', 'JANUARIA'),
(16, 'MIRABELA', 'JANUARIA'),
(17, 'PEDRAS DE MARIA DA CRUZ', 'JANUARIA'),
(18, 'BURITIZEIRO', 'PIRAPORA'),
(19, 'PIRAPORA', 'PIRAPORA'),
(20, 'SAO JOAO DA PONTE', 'SAO JOAO DA PONTE'),
(21, 'TAIOBEIRAS', 'TAIOBEIRAS'),
(22, 'IBIAI', 'VARZEA DA PALMA'),
(23, 'JEQUITAI', 'VARZEA DA PALMA'),
(24, 'LASSANCE', 'VARZEA DA PALMA'),
(25, 'PONTO CHIQUE', 'VARZEA DA PALMA'),
(26, 'VARZEA DA PALMA', 'VARZEA DA PALMA'),
(27, 'Vargem Grande Do Rio Pardo', 'ESPINOSA'),
(28, 'Montezuma', 'MANGA'),
(29, 'Espinosa', 'ESPINOSA'),
(30, 'ALCOBACA', 'ROTA5 - PRADO'),
(31, 'BELMONTE', 'ROTA3 - PORTO SEGURO'),
(32, 'BUERAREMA', 'ROTA7 - ILHÉUS'),
(33, 'CAMACAN', 'ROTA7 - ILHÉUS'),
(34, 'CANAVIEIRAS', 'ROTA7 - ILHÉUS'),
(35, 'CARAVELAS', 'ROTA5 - PRADO'),
(36, 'GUARATINGA', 'ROTA6 - ITAMARAJU'),
(37, 'IBICARAI', 'ROTA7 - ILHÉUS'),
(38, 'ILHEUS', 'ROTA7 - ILHÉUS'),
(39, 'ITABELA', 'ROTA6 - ITAMARAJU'),
(40, 'ITABUNA', 'ROTA7 - ILHÉUS'),
(41, 'ITAGIMIRIM', 'ROTA7 - ILHÉUS'),
(42, 'ITAJUIPE', 'ROTA7 - ILHÉUS'),
(43, 'ITAMARAJU', 'ROTA6 - ITAMARAJU'),
(44, 'ITANHEM', 'ROTA1 - TEIXEIRA'),
(45, 'ITAPE', 'ROTA7 - ILHÉUS'),
(46, 'ITAPEBI', 'ROTA7 - ILHÉUS'),
(47, 'ITAPETINGA', 'ROTA8 - VITORIA DA C'),
(48, 'JEQUIE', 'ROTA0 - JEQUIE'),
(49, 'LAJE', ''),
(50, 'MASCOTE', 'ROTA7 - ILHÉUS'),
(51, 'MEDEIROS NETO', 'ROTA1 - TEIXEIRA'),
(52, 'MUCURI', 'ROTA5 - PRADO'),
(53, 'NOVA VICOSA', 'ROTA5 - PRADO'),
(54, 'PRADO', 'ROTA5 - PRADO'),
(55, 'SANTA CRUZ CABRALIA', 'ROTA3 - PORTO SEGURO'),
(56, 'SAO JOSE DA VITORIA', 'ROTA7 - ILHÉUS'),
(57, 'TEIXEIRA DE FREITAS', 'ROTA1 - TEIXEIRA'),
(58, 'VITORIA DA CONQUISTA', 'ROTA8 - VITORIA DA C');

-- --------------------------------------------------------

--
-- Estrutura para tabela `base_rotas_bairros`
--

CREATE TABLE `base_rotas_bairros` (
  `id` smallint(4) UNSIGNED NOT NULL,
  `cidade` varchar(25) DEFAULT NULL,
  `bairro` varchar(25) DEFAULT NULL,
  `rota` varchar(25) DEFAULT NULL
) ENGINE=InnoDB DEFAULT CHARSET=utf8mb4 COLLATE=utf8mb4_general_ci;

--
-- Despejando dados para a tabela `base_rotas_bairros`
--

INSERT INTO `base_rotas_bairros` (`id`, `cidade`, `bairro`, `rota`) VALUES
(1, 'MONTES CLAROS', 'ZONA RURAL', 'BOCAIUVA'),
(2, 'MONTES CLAROS', 'PLANALTO RURAL', 'BOCAIUVA'),
(3, 'MONTES CLAROS', 'BARCELONA PARQUE', 'CENTRO-1'),
(4, 'MONTES CLAROS', 'BELA VISTA', 'CENTRO-1'),
(5, 'MONTES CLAROS', 'CIDADE INDUSTRIAL', 'CENTRO-1'),
(6, 'MONTES CLAROS', 'CONJ.HABITAC.VITORIA II', 'CENTRO-1'),
(7, 'MONTES CLAROS', 'CONJ HABITAC VITORIA II', 'CENTRO-1'),
(8, 'MONTES CLAROS', 'JARDIM PANORAMA', 'CENTRO-1'),
(9, 'MONTES CLAROS', 'CONJ PANORAMA II', 'CENTRO-1'),
(10, 'MONTES CLAROS', 'CONJUNTO PANORAMA II', 'CENTRO-1'),
(11, 'MONTES CLAROS', 'DISTRITO INDUSTRIAL', 'CENTRO-1'),
(12, 'MONTES CLAROS', 'EDGAR PEREIRA', 'CENTRO-1'),
(13, 'MONTES CLAROS', 'ELDORADO', 'CENTRO-1'),
(14, 'MONTES CLAROS', 'JARDIM BRASIL', 'CENTRO-1'),
(15, 'MONTES CLAROS', 'DISTRITO-NOVA ESPERANCA', 'CENTRO-1'),
(16, 'MONTES CLAROS', 'NOVA ESPERANCA', 'CENTRO-1'),
(17, 'MONTES CLAROS', 'NOVA MORADA', 'CENTRO-1'),
(18, 'MONTES CLAROS', 'RESIDENCIAL VITORIA', 'CENTRO-1'),
(19, 'MONTES CLAROS', 'RIO CEDRO', 'CENTRO-1'),
(20, 'MONTES CLAROS', 'SANTA EUGENIA', 'CENTRO-1'),
(21, 'MONTES CLAROS', 'SANTA ROSA DE LIMA', 'CENTRO-1'),
(22, 'MONTES CLAROS', 'SANTOS REIS', 'CENTRO-1'),
(23, 'MONTES CLAROS', 'VILA ANTONIO NARCISO', 'CENTRO-1'),
(24, 'MONTES CLAROS', 'VILA ATLANTIDA', 'CENTRO-1'),
(25, 'MONTES CLAROS', 'VILA AUREA', 'CENTRO-1'),
(26, 'MONTES CLAROS', 'VILA BRASILIA', 'CENTRO-1'),
(27, 'MONTES CLAROS', 'VILA CASTELO BRANCO', 'CENTRO-1'),
(28, 'MONTES CLAROS', 'VILA PRODACON', 'CENTRO-1'),
(29, 'MONTES CLAROS', 'VILA SANTA EUGENIA', 'CENTRO-1'),
(30, 'MONTES CLAROS', 'VILA TONCHEF', 'CENTRO-1'),
(31, 'MONTES CLAROS', 'ALICE MAIA', 'CENTRO-2'),
(32, 'MONTES CLAROS', 'ALTO SAO JOAO', 'CENTRO-2'),
(33, 'MONTES CLAROS', 'CENTRO', 'CENTRO-2'),
(34, 'MONTES CLAROS', 'FUNCIONARIOS', 'CENTRO-2'),
(35, 'MONTES CLAROS', 'JARDIM SAO LUIZ', 'CENTRO-2'),
(36, 'MONTES CLAROS', 'JOAO GORDO', 'CENTRO-2'),
(37, 'MONTES CLAROS', 'LOURDES', 'CENTRO-2'),
(38, 'MONTES CLAROS', 'MELO', 'CENTRO-2'),
(39, 'MONTES CLAROS', 'ROXO VERDE', 'CENTRO-2'),
(40, 'MONTES CLAROS', 'SAO JOSE', 'CENTRO-2'),
(41, 'MONTES CLAROS', 'TODOS OS SANTOS', 'CENTRO-2'),
(42, 'MONTES CLAROS', 'VILA MAURICEIA', 'CENTRO-2'),
(43, 'MONTES CLAROS', 'VILA OLIVEIRA', 'CENTRO-2'),
(44, 'MONTES CLAROS', 'VILA REGINA', 'CENTRO-2'),
(45, 'MONTES CLAROS', 'VILA EXPOSICAO', 'CENTRO-2'),
(46, 'MONTES CLAROS', 'VILA SANTA MAIRA', 'CENTRO-2'),
(47, 'MONTES CLAROS', 'ACACIAS', 'DELFINO-1'),
(48, 'MONTES CLAROS', 'ALCIDES RABELO', 'DELFINO-1'),
(49, 'MONTES CLAROS', 'ALTO FLORESTA', 'DELFINO-1'),
(50, 'MONTES CLAROS', 'BELVEDERE', 'DELFINO-1'),
(51, 'MONTES CLAROS', 'CARMELO', 'DELFINO-1'),
(52, 'MONTES CLAROS', 'CONJUNTO JK', 'DELFINO-1'),
(53, 'MONTES CLAROS', 'Conjunto Residencial Jk', 'DELFINO-1'),
(54, 'MONTES CLAROS', 'ESPLANADA', 'DELFINO-1'),
(55, 'MONTES CLAROS', 'GUARUJA', 'DELFINO-1'),
(56, 'MONTES CLAROS', 'INDEPENDENCIA', 'DELFINO-1'),
(57, 'MONTES CLAROS', 'INTERLAGOS', 'DELFINO-1'),
(58, 'MONTES CLAROS', 'JARAGUA I', 'DELFINO-1'),
(59, 'MONTES CLAROS', 'JARAGUA', 'DELFINO-1'),
(60, 'MONTES CLAROS', 'JARDIM ALEGRE', 'DELFINO-1'),
(61, 'MONTES CLAROS', 'JARDIM PRIMAVERA', 'DELFINO-1'),
(62, 'MONTES CLAROS', 'LOTEAMENTO NOVO JARAGUA', 'DELFINO-1'),
(63, 'MONTES CLAROS', 'LOTEAMENTO RECANTO DAS AG', 'DELFINO-1'),
(64, 'MONTES CLAROS', 'MONTE CARMELO', 'DELFINO-1'),
(65, 'MONTES CLAROS', 'MONTE SIAO', 'DELFINO-1'),
(66, 'MONTES CLAROS', 'MONTE SIAO IV', 'DELFINO-1'),
(67, 'MONTES CLAROS', 'NOVO JARAGUA', 'DELFINO-1'),
(68, 'MONTES CLAROS', 'PLANALTO', 'DELFINO-1'),
(69, 'MONTES CLAROS', 'PORTAL DOS IPES', 'DELFINO-1'),
(70, 'MONTES CLAROS', 'RENASCENCA', 'DELFINO-1'),
(71, 'MONTES CLAROS', 'RESIDENCIAL SUL IPES', 'DELFINO-1'),
(72, 'MONTES CLAROS', 'RESIDENCIAL MONTE SIAO', 'DELFINO-1'),
(73, 'MONTES CLAROS', 'RESIDIDENCIAL MINAS GERAI', 'DELFINO-1'),
(74, 'MONTES CLAROS', 'SANTA LUCIA', 'DELFINO-1'),
(75, 'MONTES CLAROS', 'SANTOS DUMONT', 'DELFINO-1'),
(76, 'MONTES CLAROS', 'SAO BENTO', 'DELFINO-1'),
(77, 'MONTES CLAROS', 'UNIVERSITARIO', 'DELFINO-1'),
(78, 'MONTES CLAROS', 'VENEZA PARQUE', 'DELFINO-1'),
(79, 'MONTES CLAROS', 'VILAGE DO LAGO', 'DELFINO-1'),
(80, 'MONTES CLAROS', 'VILLAGE DO LAGO I', 'DELFINO-1'),
(81, 'MONTES CLAROS', 'ALTO DA BOA VISTA', 'DELFINO-2'),
(82, 'MONTES CLAROS', 'ANTONIO PIMENTA', 'DELFINO-2'),
(83, 'MONTES CLAROS', 'CAMILO PRATES', 'DELFINO-2'),
(84, 'MONTES CLAROS', 'CINTRA', 'DELFINO-2'),
(85, 'MONTES CLAROS', 'CINTRA / DELFINO MAGALHAE', 'DELFINO-2'),
(86, 'MONTES CLAROS', 'DELFINO MAGALHAES', 'DELFINO-2'),
(87, 'MONTES CLAROS', 'NOVO DELFINO', 'DELFINO-2'),
(88, 'MONTES CLAROS', 'JARDIM PALMEIRAS', 'DELFINO-2'),
(90, 'MONTES CLAROS', 'major prates', 'major-1'),
(91, 'EUNAPOLIS', 'ALTO DA BOA VISTA', 'ROTA'),
(92, 'EUNAPOLIS', 'ANTARES', 'ROTA2 - EUNAPOLIS'),
(93, 'EUNAPOLIS', 'AREA RURAL DE EUNAPOLIS', 'ROTA2 - EUNAPOLIS'),
(94, 'EUNAPOLIS', 'ARIVALDO REIS', 'ROTA2 - EUNAPOLIS'),
(95, 'EUNAPOLIS', 'ARNALDO MOURA', 'ROTA2 - EUNAPOLIS'),
(96, 'EUNAPOLIS', 'CENTAURO', 'ROTA2 - EUNAPOLIS'),
(97, 'EUNAPOLIS', 'CENTRO', 'ROTA2 - EUNAPOLIS'),
(98, 'EUNAPOLIS', 'DINAH BORGES', 'ROTA2 - EUNAPOLIS'),
(99, 'EUNAPOLIS', 'DOUTOR GUSMAO', 'ROTA2 - EUNAPOLIS'),
(100, 'EUNAPOLIS', 'ENCANTO DAS AGUAS', 'ROTA2 - EUNAPOLIS'),
(101, 'EUNAPOLIS', 'ITAPUA', 'ROTA2 - EUNAPOLIS'),
(102, 'EUNAPOLIS', 'IVAN MOURA', 'ROTA2 - EUNAPOLIS'),
(103, 'EUNAPOLIS', 'JARDIM AMARICA II', 'ROTA2 - EUNAPOLIS'),
(104, 'EUNAPOLIS', 'JUCA ROSA', 'ROTA2 - EUNAPOLIS'),
(105, 'EUNAPOLIS', 'MINAS GERAIS', 'ROTA2 - EUNAPOLIS'),
(106, 'EUNAPOLIS', 'MOISES REIS', 'ROTA2 - EUNAPOLIS'),
(107, 'EUNAPOLIS', 'NOVA EUNAPOLIS', 'ROTA2 - EUNAPOLIS'),
(108, 'EUNAPOLIS', 'PARQUE DA RENOVACAO', 'ROTA2 - EUNAPOLIS'),
(109, 'EUNAPOLIS', 'PEQUI', 'ROTA2 - EUNAPOLIS'),
(110, 'EUNAPOLIS', 'ROSA NETO', 'ROTA2 - EUNAPOLIS'),
(111, 'EUNAPOLIS', 'SANTA ISABEL', 'ROTA2 - EUNAPOLIS'),
(112, 'EUNAPOLIS', 'SANTA LUCIA', 'ROTA2 - EUNAPOLIS'),
(113, 'EUNAPOLIS', 'SAPUCAEIRA', 'ROTA2 - EUNAPOLIS'),
(114, 'EUNAPOLIS', 'STELA REIS', 'ROTA2 - EUNAPOLIS'),
(115, 'EUNAPOLIS', 'THIAGO DE MELLO', 'ROTA2 - EUNAPOLIS'),
(116, 'EUNAPOLIS', 'URBIS I', 'ROTA2 - EUNAPOLIS'),
(117, 'EUNAPOLIS', 'URBIS II', 'ROTA2 - EUNAPOLIS'),
(118, 'EUNAPOLIS', 'URBIS III', 'ROTA2 - EUNAPOLIS'),
(119, 'EUNAPOLIS', 'VILA OLIMPICA', 'ROTA2 - EUNAPOLIS'),
(120, 'PORTO SEGURO', 'AGROVILA', 'ROTA3 - PORTO SEGURO'),
(121, 'PORTO SEGURO', 'AGROVILA RUA DO CAMPO', 'ROTA3 - PORTO SEGURO'),
(122, 'PORTO SEGURO', 'ALFREDO DULTRA - SEDE', 'ROTA4 - ARRAIAL'),
(123, 'PORTO SEGURO', 'ALFREDO DULTRA SEDE', 'ROTA4 - ARRAIAL'),
(124, 'PORTO SEGURO', 'ANTONIO TITO', 'ROTA3 - PORTO SEGURO'),
(125, 'PORTO SEGURO', 'ANTONIO TITO - SEDE', 'ROTA3 - PORTO SEGURO'),
(126, 'PORTO SEGURO', 'AREAL', 'ROTA4 - ARRAIAL'),
(127, 'PORTO SEGURO', 'ARRAIAL D AJUDA', 'ROTA4 - ARRAIAL'),
(128, 'PORTO SEGURO', 'ARRAIAL DAJUDA', 'ROTA4 - ARRAIAL'),
(129, 'PORTO SEGURO', 'BAIANAO', 'ROTA3 - PORTO SEGURO'),
(130, 'PORTO SEGURO', 'CAMBOLINHO - SEDE', 'ROTA3 - PORTO SEGURO'),
(131, 'PORTO SEGURO', 'CAMBOLO', 'ROTA3 - PORTO SEGURO'),
(132, 'PORTO SEGURO', 'CAMBOLO - SEDE', 'ROTA3 - PORTO SEGURO'),
(133, 'PORTO SEGURO', 'CAMPINHO', 'ROTA3 - PORTO SEGURO'),
(134, 'PORTO SEGURO', 'CAMPINHO - SEDE', 'ROTA3 - PORTO SEGURO'),
(135, 'PORTO SEGURO', 'CARAIVA', 'ROTA3 - PORTO SEGURO'),
(136, 'PORTO SEGURO', 'CENTRO', 'ROTA3 - PORTO SEGURO'),
(137, 'PORTO SEGURO', 'CENTRO - SEDE', 'ROTA3 - PORTO SEGURO'),
(138, 'PORTO SEGURO', 'CENTRO-ITAPORANGA', 'ROTA3 - PORTO SEGURO'),
(139, 'PORTO SEGURO', 'CIDADE ALTA', 'ROTA3 - PORTO SEGURO'),
(140, 'PORTO SEGURO', 'CIDADE ALTA - SEDE', 'ROTA3 - PORTO SEGURO'),
(141, 'PORTO SEGURO', 'FONTANA I', 'ROTA3 - PORTO SEGURO'),
(142, 'PORTO SEGURO', 'FREI CALIXTO', 'ROTA3 - PORTO SEGURO'),
(143, 'PORTO SEGURO', 'FREI CALIXTO SEDE', 'ROTA3 - PORTO SEGURO'),
(144, 'PORTO SEGURO', 'ITACIMIRM', 'ROTA3 - PORTO SEGURO'),
(145, 'PORTO SEGURO', 'ITAPERAPUAN', 'ROTA3 - PORTO SEGURO'),
(146, 'PORTO SEGURO', 'ITAPERAPUAN - SEDE', 'ROTA3 - PORTO SEGURO'),
(147, 'PORTO SEGURO', 'ITAPORANGA', 'ROTA3 - PORTO SEGURO'),
(148, 'PORTO SEGURO', 'JOSE FONTANA II - SEDE', 'ROTA3 - PORTO SEGURO'),
(149, 'PORTO SEGURO', 'JOSE FONTANA II SEDE', 'ROTA3 - PORTO SEGURO'),
(150, 'PORTO SEGURO', 'LAGOA GRANDE - SEDE', 'ROTA3 - PORTO SEGURO'),
(151, 'PORTO SEGURO', 'MANOEL CARNEIRO', 'ROTA3 - PORTO SEGURO'),
(152, 'PORTO SEGURO', 'MANOEL CARNEIRO - SEDE', 'ROTA3 - PORTO SEGURO'),
(153, 'PORTO SEGURO', 'MIRANTE CARAVELAS', 'ROTA3 - PORTO SEGURO'),
(154, 'PORTO SEGURO', 'MIRANTE DAS CARAVELAS - S', 'ROTA3 - PORTO SEGURO'),
(155, 'PORTO SEGURO', 'MIRAPORTO', 'ROTA3 - PORTO SEGURO'),
(156, 'PORTO SEGURO', 'MONTE DAS OLIVEIRA', 'ROTA3 - PORTO SEGURO'),
(157, 'PORTO SEGURO', 'MONTE DAS OLIVEIRAS', 'ROTA3 - PORTO SEGURO'),
(158, 'PORTO SEGURO', 'MUNDAI', 'ROTA3 - PORTO SEGURO'),
(159, 'PORTO SEGURO', 'MUNDAI - SEDE', 'ROTA3 - PORTO SEGURO'),
(160, 'PORTO SEGURO', 'OLHOS D AGUA - SEDE', 'ROTA3 - PORTO SEGURO'),
(161, 'PORTO SEGURO', 'OUTEIRO DA GLORIA - SEDE', 'ROTA3 - PORTO SEGURO'),
(162, 'PORTO SEGURO', 'PACATA', 'ROTA3 - PORTO SEGURO'),
(163, 'PORTO SEGURO', 'PACATA - SEDE', 'ROTA3 - PORTO SEGURO'),
(164, 'PORTO SEGURO', 'PARAGUAI', 'ROTA3 - PORTO SEGURO'),
(165, 'PORTO SEGURO', 'PARAGUAI - SEDE', 'ROTA3 - PORTO SEGURO'),
(166, 'PORTO SEGURO', 'PARAISO DOS PATAXOS SEDE', 'ROTA3 - PORTO SEGURO'),
(167, 'PORTO SEGURO', 'PARAISO DOS PATAXOS - SED', 'ROTA3 - PORTO SEGURO'),
(168, 'PORTO SEGURO', 'PARQUE DOS SAPOTIS SEDE', 'ROTA3 - PORTO SEGURO'),
(169, 'PORTO SEGURO', 'PARQUE ECOLOGICO', 'ROTA3 - PORTO SEGURO'),
(170, 'PORTO SEGURO', 'PARQUE JOAO CARLOS 1 - SE', 'ROTA3 - PORTO SEGURO'),
(171, 'PORTO SEGURO', 'PARQUE JOAO CARLOS 2 - SE', 'ROTA3 - PORTO SEGURO'),
(172, 'PORTO SEGURO', 'PARQUE JOAO CARLOS 3 - SE', 'ROTA3 - PORTO SEGURO'),
(173, 'PORTO SEGURO', 'PINDORAMA', 'ROTA3 - PORTO SEGURO'),
(174, 'PORTO SEGURO', 'PORTO ALEGRE II', 'ROTA3 - PORTO SEGURO'),
(175, 'PORTO SEGURO', 'PRAIA DE TAPERAPUAN', 'ROTA3 - PORTO SEGURO'),
(176, 'PORTO SEGURO', 'RESIDENCIAL PORTO SEGURO', 'ROTA3 - PORTO SEGURO'),
(177, 'PORTO SEGURO', 'RIO DA VILA', 'ROTA3 - PORTO SEGURO'),
(178, 'PORTO SEGURO', 'RODOVIA', 'ROTA3 - PORTO SEGURO'),
(179, 'PORTO SEGURO', 'SEDE VALE VERDE', 'ROTA3 - PORTO SEGURO'),
(180, 'PORTO SEGURO', 'TAPERAPUA', 'ROTA3 - PORTO SEGURO'),
(181, 'PORTO SEGURO', 'TAPERAPUAN', 'ROTA3 - PORTO SEGURO'),
(182, 'PORTO SEGURO', 'TRANCOSO', 'ROTA3 - PORTO SEGURO'),
(183, 'PORTO SEGURO', 'UBALDINAO', 'ROTA3 - PORTO SEGURO'),
(184, 'PORTO SEGURO', 'VALE VERDE SEDE', 'ROTA3 - PORTO SEGURO'),
(185, 'PORTO SEGURO', 'VERA CRUZ', 'ROTA3 - PORTO SEGURO'),
(186, 'PORTO SEGURO', 'VERA CRUZ - VERA CRUZ', 'ROTA3 - PORTO SEGURO'),
(187, 'PORTO SEGURO', 'VILA JARDIM', 'ROTA3 - PORTO SEGURO'),
(188, 'PORTO SEGURO', 'VILA VERDE - SEDE', 'ROTA3 - PORTO SEGURO'),
(189, 'PORTO SEGURO', 'VILA VITORIA - SEDE', 'ROTA3 - PORTO SEGURO'),
(190, 'PORTO SEGURO', 'VILLAGE I - SEDE', 'ROTA3 - PORTO SEGURO'),
(191, 'PORTO SEGURO', 'NOVA CARAIVA', 'ROTA3 - PORTO SEGURO'),
(192, 'PORTO SEGURO', 'ITACIMIRIM - SEDE', 'ROTA3 - PORTO SEGURO'),
(193, 'PORTO SEGURO', 'VILA VITORIA - VERA CRUZ', 'ROTA3 - PORTO SEGURO');

-- --------------------------------------------------------

--
-- Estrutura para tabela `caminhoes`
--

CREATE TABLE `caminhoes` (
  `placa` char(8) NOT NULL,
  `modelo` char(1) NOT NULL
) ENGINE=InnoDB DEFAULT CHARSET=utf8mb4 COLLATE=utf8mb4_general_ci;

--
-- Despejando dados para a tabela `caminhoes`
--

INSERT INTO `caminhoes` (`placa`, `modelo`) VALUES
('MWZ8I16', '3'),
('PUM3D15', '3');

-- --------------------------------------------------------

--
-- Estrutura para tabela `clientes`
--

CREATE TABLE `clientes` (
  `CNPJ` varchar(14) NOT NULL,
  `nome` varchar(40) NOT NULL,
  `rua` varchar(30) NOT NULL,
  `numero` int(6) NOT NULL,
  `bairro` varchar(50) NOT NULL,
  `cidade` varchar(50) NOT NULL,
  `tipo` varchar(15) NOT NULL
) ENGINE=InnoDB DEFAULT CHARSET=utf8mb4 COLLATE=utf8mb4_general_ci;

--
-- Despejando dados para a tabela `clientes`
--

INSERT INTO `clientes` (`CNPJ`, `nome`, `rua`, `numero`, `bairro`, `cidade`, `tipo`) VALUES
('00062616000359', 'SUPERMERCADOS RONDELLI LTDA', 'AVENIDA ANTONIO CARLOS MAGALHA', 237, 'CENTRO', 'Itamaraju', 'V'),
('00267009000163', 'MARCOS VINICIO RAMOS DE OLIVEIRA LTDA', 'AV BEIRA MAR', 7000, 'TAPERAPUAN', 'Porto Seguro', 'V'),
('04259819000129', 'NERES COMERCIAL LTDA', 'R PORTO ALEGRE', 226, 'CAMPINHO', 'Santa Cruz Cabralia', 'V'),
('04630388000165', 'SUPERMERCADO REGIS LTDA EPP', 'RUA ANDRE MEDEIROS', 189, 'SAO LOURENCO', 'Teixeira De Freitas', 'V'),
('04630388000246', 'SUPERMERCADO REGIS LTDA EPP', 'RUA SUCUPIRA', 150, 'CASTELINHO', 'Teixeira De Freitas', 'V'),
('06283202000174', 'SUPERMERCADO TRENTTO LTDA', 'RUA POCOES', 7, 'TANCREDO NEVES', 'Teixeira De Freitas', 'V'),
('06353864000335', 'RONDELLI COMERCIO E TRANSPORTE LTDA', 'AVENIDA DOS NAVEGANTES', 304, 'CENTRO', 'Porto Seguro', 'V'),
('06353864000416', 'RONDELLI COMERCIO E TRANSPORTE LTDA', 'RUA ITALIA', 50, 'BELA VISTA', 'Teixeira De Freitas', 'V'),
('06353864000505', 'RONDELLI COMERCIO E TRANSPORTE LTDA', 'AVENIDA ANTONIO CARLOS MAGALHA', 1976, 'ENCANTO DAS AGUAS', 'Eunapolis', 'V'),
('06353864000840', 'RONDELLI COMERCIO E TRANSPORTE LTDA', 'AVENIDA DOUTOR PAULO SOUTO', 654, 'DOUTOR GUSMAO', 'Eunapolis', 'V'),
('06353864000920', 'RONDELLI COMERCIO E TRANSPORTE LTDA', 'RUA CAMPOS TOURINHO', 387, 'CENTRO', 'Santa Cruz Cabralia', 'V'),
('06353864001811', 'RONDELLI COMERCIO E TRANSPORTE LTDA', 'AVENIDA SANTOS DUMONT', 998, 'CENTRO', 'Eunapolis', 'V'),
('06575824000176', 'FROSSARD SUPERMERCADO LTDA', 'AVENIDA BEIRA MAR', 2000, 'TAPERAPUAN', 'Porto Seguro', 'V'),
('07013409000191', 'ANA GLORIA ALVES SILVA', 'AVENIDA PERIMETRAL', 10, 'CENTRO', 'Itamaraju', 'V'),
('07145624000146', 'HOTEL BRISA DO MAR EMPREENDIMENTOS TURIS', 'AV BEIRA MAR,', 1860, 'PRAIA DE TAPERAPUAN', 'Porto Seguro', 'V'),
('07394215000183', 'SUPERMERCADO VICOSA COMERCIO DE PRODUTOS', 'AV OCEANICA ESQUINA C/ RUA ABR', 434, 'CENTRO', 'Nova Vicosa', 'V'),
('07881874000144', 'EZEDEQUIAS FERREIRA DE OLIVEIRA', 'RUA EGITO', 175, 'LIBERDADE I', 'Teixeira De Freitas', 'V'),
('07935933000110', 'COSTA GONTIJO LTDA', 'R ESTRADA VELHA', 39, 'DA LAGOA', 'Nova Vicosa', 'V'),
('09073254000104', 'SUPERMERCADO ENSEADA LTDA', 'AV PETROBRAS', 441, 'CENTRO', 'Mucuri', 'V'),
('11609119000182', 'AG RAMOS INDUSTRIA DE ALIMENTOS LTDA', 'AVENIDA ANTONIO CARLOS MAGALHA', 1655, 'SANTA ISABEL', 'Eunapolis', 'V'),
('14661358000170', 'ALESSANDRO DE CARVALHO LAURENTINO', 'TV GOVERNADOR VALADARES', 0, 'NOSSA SENHORA DA CONCEICAO', 'Nova Vicosa', 'V'),
('14743981000171', 'BAR E RESTAURANTE CANTINHO MINEIRO LTDA', 'EST DO MUCUGE', 118, 'ARRAIAL DAJUDA', 'Porto Seguro', 'V'),
('17221115000109', 'MERCADO JOJO BARATAO LTDA', 'R JESUINO DE ALMEIDA COSTA', 30, 'CENTRO', 'Itapebi', 'V'),
('17300983000184', 'SUPERMERCADO OBA OBA SAPIRARA LTDA', 'DT SAPIRARA', 1015, 'TRANCOSO', 'Porto Seguro', 'V'),
('17314769000187', 'SANTOS NASCIMENTO LTDA', 'R DOS COQUEIROS', 322, 'JARDIM PERUIPE', 'Nova Vicosa', 'V'),
('17806383000192', 'NATALIA MENDES SOUZA MACHADO GALDINO OLI', 'R MERIDIONAL', 1035, 'PETRONILIO LEANDRO', 'Nova Vicosa', 'V'),
('19114947000151', 'GEZILDA SILVA ASSIS MATOS', 'AVENIDA DO OESTE', 347, 'DOUTOR GUSMAO', 'Eunapolis', 'V'),
('19688291000180', 'MERCADINHO KMIX LTDA', 'RUA BELA VISTA', 469, 'PEQUI', 'Eunapolis', 'V'),
('20021215000104', 'ENILTON MULATO COLARES', 'AVENIDA RUY BARBOSA 479', 20, 'CENTRO', 'Eunapolis', 'V'),
('20252302000164', 'EDILENE MOREIRA SILVA', 'PC DO MERCADO', 0, 'CENTRO', 'Itamaraju', 'V'),
('20535305000105', 'MEYRA LINDA CERQUEIRA DE OLIVEIRA', 'AV OCEANICA', 957, 'ALCIONE', 'Nova Vicosa', 'V'),
('20921758000170', 'RESTAURANTE TEMPERO DE FAMILIA LTDA', 'RUA ALVARENGA PEIXOTO', 89, 'CENTRO', 'Itamaraju', 'V'),
('21011825000181', 'DERIVAL BARRETO DE JESUS', 'TV SAO BRAZ', 0, 'ARRAIAL DAJUDA', 'Porto Seguro', 'V'),
('22067681000148', 'CHURRASCARIA RECANTO DE ITAMARAJU LTDA', 'AV BRASIL', 812, 'CENTRO', 'Itamaraju', 'V'),
('23142898000138', 'C. CORREIA COMERCIAL EIRELI', 'RUA MUNDO NOVO', 183, 'LIBERDADE II', 'Teixeira De Freitas', 'V'),
('23605479000195', 'RICARDO BOAVENTURA 18277102844', 'RUA Q', 41, 'ANTARES', 'Eunapolis', 'V'),
('23656391000100', 'R. DE SANTANA SANTOS', 'AVENIDA NOSSA SENHORA DOS NAVE', 456, 'ITAPUA', 'Eunapolis', 'V'),
('24061770000102', 'BRASIL SUPERMERCADOS LTDA', 'RUA NOVA VISTA', 265, 'ROSA NETO', 'Eunapolis', 'V'),
('24186861000174', 'FREDSON V DO NASCIMENTO & CIA LTDA', 'R DAS PALMEIRAS', 1587, 'ARRAIAL DAJUDA', 'Porto Seguro', 'V'),
('24312145000196', 'DARLAN DE JESUS ROSA', 'R CURITIBA', 90, 'ARRAIAL DAJUDA', 'Porto Seguro', 'V'),
('27538263000105', 'DALVA LUZIMAR SCOCCO PROVETE', 'ROD BR 367 KM 71 AVENIDA BEIRA', 7200, 'TAPERAPUAN', 'Porto Seguro', 'V'),
('27607813000109', 'RODRIGUES GRATZ RESTAURANTE LTDA', 'AVENIDA DEMETRIO COUTO GUERRIE', 259, 'CENTRO', 'Eunapolis', 'V'),
('28129260002124', 'DRIFT COMERCIO DE ALIMENTOS S/A.', 'AVENIDA PRESIDENTE GETULIO VAR', 2966, 'NOVO HORIZONTE', 'Teixeira De Freitas', 'V'),
('28158175000140', 'MIOLA RESTAURANTE LTDA', 'AV BEIRA MAR', 2505, 'ITAPERAPUAN - SEDE', 'Porto Seguro', 'V'),
('28503943000156', 'CARLOS ANTONIO SOARES DE AGUIAR PANIFICA', 'AV OCEANICA', 890, 'VERANEIO', 'Nova Vicosa', 'V'),
('28960161000146', 'MURILO DE MIRANDA COELHO', 'R DOS HIBISCOS', 260, 'ITAPERAPUAN - SEDE', 'Porto Seguro', 'V'),
('29084815000188', 'MARIA CAROLINA DE GENNARO CORAL LTDA', 'R FABIO MESSIAS NOBRE', 112, 'ARRAIAL DAJUDA', 'Porto Seguro', 'V'),
('29961891000124', 'BELLA VISTA BURGUER LTDA', 'R MARIA TELES', 180, 'CAMBOLO - SEDE', 'Porto Seguro', 'V'),
('30928283000105', 'GOLDEN BEEF COMERCIAL DE CARNES LTDA', 'R SAO SEBASTIAO', 111, 'MANOEL CARNEIRO - SEDE', 'Porto Seguro', 'V'),
('31889031000179', 'COMERCIAL OLIVEIRA SUQUE LTDA', 'R RUA MARCELO PERUZZO', 395, 'FREI CALIXTO', 'Porto Seguro', 'V'),
('31889031000250', 'COMERCIAL OLIVEIRA SUQUE LTDA', 'R SAO JOSE', 0, 'ARRAIAL DAJUDA', 'Porto Seguro', 'V'),
('31977980000100', 'GALLO SERVICOS DE ALIMENTACAO PARA EVENT', 'R 02 DE JULHO', 242, 'CENTRO', 'Porto Seguro', 'V'),
('33489346000154', 'SERTAO SUL SUPERMERCADO LTDA', 'AV PEDRO ALVARES CABRAL', 448, 'CENTRO', 'Itabela', 'V'),
('34040394000123', 'ESTRELA DALVA PRAIA HOTEL LTDA', 'R DOS IBISCUS', 105, 'TAPERAPUAN', 'Porto Seguro', 'V'),
('34047541000197', 'SALADEIRA E ACAI JR EUNAPOLIS LTDA', 'AVENIDA DUQUE DE CAXIAS', 491, 'CENTRO', 'Eunapolis', 'V'),
('34126573000188', 'MK EMPREENDIMENTOS LTDA', 'EST DO ARRAIAL DAJUDA', 1993, 'ARRAIAL DAJUDA', 'Porto Seguro', 'V'),
('34272269000149', 'JILCELIA GERALDO TARLHER 03012105514', 'EST PARA ITABELA', 0, 'TRANCOSO', 'Porto Seguro', 'V'),
('34639181000112', 'ANDRADES PRODUTOS ALIMENTICIOS LTDA', 'AV DOS NAVEGANTES', 0, 'CENTRO', 'Porto Seguro', 'V'),
('35569149000170', 'AURITA LAILA SILVA COELHO 08373279547', 'R ESPERANCA - BAIRRO ALTO DO V', 0, 'ARRAIAL DAJUDA', 'Porto Seguro', 'V'),
('37172095000130', 'NAUTICOMAR HOTELARIA, SERVICOS E TECNOLO', 'R DO TELEGRAFO', 1965, 'TAPERAPUAN', 'Porto Seguro', 'V'),
('37241623000166', 'SUPERMERCADO DURANS LTDA', 'COM COQUEIRO ALTO', 0, 'TRANCOSO', 'Porto Seguro', 'V'),
('37284068000150', 'DECI MARIA DE JESUS NETA 06205512599', 'R CARAIVA', 9933, 'ITAPORANGA', 'Porto Seguro', 'V'),
('37392694000160', 'EUNAPOLIS SUPERMERCADO LTDA', 'AVENIDA MISS MARILEIA VIEIRA', 225, 'JUCA ROSA', 'Eunapolis', 'V'),
('37671502000154', 'LUDIANA ALVES DOS SANTOS 11937613526', 'AV GOVERNADOR VALADARES', 0, 'LAGOA', 'Nova Vicosa', 'V'),
('37683801000109', 'CABANA CARLITOS LTDA', 'EST DE PITINGA', 1, 'ARRAIAL DAJUDA', 'Porto Seguro', 'V'),
('38204064000187', 'O SAMPA LTDA', 'R DAS AZALEIAS', 11, 'VILLAGE I - SEDE', 'Porto Seguro', 'V'),
('38312645000132', 'JOSIEL DOS SANTOS ROSARIO 64681831549', 'ROD PORTO SEGURO/TRANCOSO', 390, 'TRANCOSO', 'Porto Seguro', 'V'),
('38346705000138', 'F P DE JESUS MERCADINHO', 'R PRINCIPAL', 288, 'CENTRO-ITAPORANGA', 'Porto Seguro', 'V'),
('39273267000198', 'LEOMARCIO DOS SANTOS COSTA 04740926580', 'AVENIDA RONALDO SANTANA', 1015, 'THIAGO DE MELLO', 'Eunapolis', 'V'),
('41042438000110', 'DOBEHAINE ALMEIDA DE OLIVEIRA & CIA LTDA', 'AV GETULIO VARGAS', 47, 'DE FATIMA', 'Itamaraju', 'V'),
('42185497000100', 'NIVALDO SOUZA DE OLIVEIRA LTDA', 'RUA ROMULO GALVAO', 39, 'WILSON GUIMARAES SOARES', 'Teixeira De Freitas', 'V'),
('42678922000100', 'MERCADO SOBERANO LTDA', 'R LIBERDADE', 590, 'LIBERDADE', 'Itamaraju', 'V'),
('43375654000102', 'DEMARI CHURRASC LTDA', 'AVENIDA PRESIDENTE GETULIO VAR', 3064, 'WILSON GUIMARAES SOARES', 'Teixeira De Freitas', 'V'),
('44192790000120', 'SAIONARA DO PRADO VIEIRA 02815598566', 'R ALMIRANTE BARROSO', 275, 'FATIMA', 'Itamaraju', 'V'),
('44660119000166', 'RESTAURANTE SABOR DAJUDA LTDA', 'R SAO BENEDITO', 299, 'ARRAIAL DAJUDA', 'Porto Seguro', 'V'),
('45302028000111', 'NOVO PRADO GESTAO ALIMENTICIA LTDA', 'AV BEIRA MAR', 0, 'ITAPERAPUAN - SEDE', 'Porto Seguro', 'V'),
('45914570000125', 'VANDERLEI DA SILVA', 'DT SAPIRARA', 560, 'TRANCOSO', 'Porto Seguro', 'V'),
('46665405000140', 'ALTAS HORAS SUPERMERCADO LTDA', 'R PARAISO', 29, 'FREI CALIXTO', 'Porto Seguro', 'V'),
('47871724000174', 'MORELATO ALIMENTOS LTDA', 'RUA PADRE JOAO GUALBERTO', 725, 'CENTRO', 'Eunapolis', 'V'),
('48112560000164', 'CORREIA E TURANO RESTAURANTE LTDA', 'PC SAO JOAO', 17, 'TRANCOSO', 'Porto Seguro', 'V'),
('48432940000186', 'THMZ COMERCIO DE ALIMENTOS LTDA', 'AVENIDA RUY BARBOSA', 118, 'CENTRO', 'Eunapolis', 'V'),
('48896129000156', 'VITORIA MARIANA DA COSTA MENEZES', 'R CINCO DE OUTUBRO', 671, 'CENTRO', 'Itamaraju', 'V'),
('49633410000169', 'GUERRA E GUERRA LTDA', 'TRAVESSA GARIBALDI', 55, 'RECANTO DO LAGO', 'Teixeira De Freitas', 'V'),
('49697753000197', '49.697.753 REGIANE ALVES RIBEIRO RUAS', 'R ATLETICO MINEIRO', 243, 'NOVO PRADO', 'Itamaraju', 'V'),
('49725524000139', 'BM CENTRAL DAS CARNES LTDA', 'AV ANTONIO CARLOS MAGALHAES', 58, 'CENTRO', 'Itamaraju', 'V'),
('50389079000162', 'TELES E SILVA CHURRASCARIA LTDA', 'ROD BA 001  TRANCOSO/ARRAIAL D', 0, 'TRANCOSO', 'Porto Seguro', 'V'),
('50796830000145', 'ECOMEGA COMERCIO DE ALIMENTOS LTDA', 'R DR. IEDO ELIAS', 440, 'PARQUE JOAO CARLOS 3 - SEDE', 'Porto Seguro', 'V'),
('50915205000175', 'STEAK HOUSE ACOUGUE GIRA BEM LTDA', 'AVENIDA PRESIDENTE GETULIO VAR', 6250, 'JARDIM LIBERDADE', 'Teixeira De Freitas', 'V'),
('51460963000109', 'C. DE OLIVEIRA LOPES MINIMERCADOS LTDA', 'R GERSON CALDAS', 36, 'CENTRO', 'Itamaraju', 'V'),
('51471016000113', 'LOJA DE CONVENIENCIA GEF PREMIUM LTDA', 'AVENIDA PRESIDENTE GETULIO VAR', 6334, 'OURO VERDE', 'Teixeira De Freitas', 'V'),
('51546249000138', 'MERCADO MINE PRECO OBA OBA LTDA', 'ROD BA 001', 0, 'ARRAIAL DAJUDA', 'Porto Seguro', 'V'),
('51617117000150', '51.617.117 NATALINA RODRIGUES DO NASCIME', 'AV MINAS GERAIS', 500, 'CARAIVA', 'Porto Seguro', 'V'),
('53422748000149', 'SUPERMERCADO FERREIRA E PEREIRA LTDA', 'RUA ARAXA', 161, 'LUIS EDUARDO MAGALHAES', 'Teixeira De Freitas', 'V'),
('53756007000102', 'ESPETARIA SARAIVINHA BAR E RESTAURANTE L', 'R CARLOS CHAGAS', 1015, 'TRANCOSO', 'Porto Seguro', 'V'),
('53991326000194', 'COMERCIAL SERTAO SUL LTDA', 'AVENIDA PAULINO MENDES LIMA', 766, 'CENTRO', 'Eunapolis', 'V'),
('54462527000167', 'OBA OBA ARRAIAL LTDA', 'PC SAO PEDRO', 18, 'ARRAIAL DAJUDA', 'Porto Seguro', 'V'),
('56343055000159', 'A. C. S. DISTRIBUIDORA E CONVENIENCIA LT', 'R MANOEL CRESCENCIO SANTIAGO', 71, 'ARRAIAL DAJUDA', 'Porto Seguro', 'V'),
('57340324000196', '57.340.324 MARILENE PEREIRA DE SOUZA', '10AV MINAS GERAIS', 230, 'NOVA CARAIVA', 'Porto Seguro', 'V'),
('58106388000190', 'ELIANE ANDRADE DE JESUS CONCEICAO', 'PC PRADO KELLY', 87, 'CENTRO - SEDE', 'Itagimirim', 'V'),
('63246151000144', 'D DE JESUS SOUZA PANIFICADORA', 'R JAIR BORGES VALIENSE', 422, 'CAMBOLO', 'Porto Seguro', 'V'),
('73849952003505', 'ATAKAREJO DISTRIBUIDOR DE ALIMENTOS E BE', 'AVENIDA PRINCESA ISABEL', 0, 'SAO CAETANO', 'Itabuna', 'V'),
('73849952003688', 'ATAKAREJO DISTRIBUIDOR DE ALIMENTOS E BE', 'AVENIDA OLIVIA FLORES', 0, 'CANDEIAS', 'Vitoria Da Conquista', 'V'),
('73849952004226', 'ATAKAREJO DISTRIBUIDOR DE ALIMENTOS E BE', 'AVENIDA TANCREDO NEVES', 0, 'OLIVENCA', 'Ilheus', 'V');

-- --------------------------------------------------------

--
-- Estrutura para tabela `cruzeiro_notas`
--

CREATE TABLE `cruzeiro_notas` (
  `fk_notas_n_nota` varchar(14) NOT NULL,
  `peso_liquido` decimal(9,2) NOT NULL,
  `sequencia` int(4) NOT NULL,
  `Carga` int(8) DEFAULT NULL,
  `n_caixas` int(4) DEFAULT NULL
) ENGINE=InnoDB DEFAULT CHARSET=utf8mb4 COLLATE=utf8mb4_general_ci;

-- --------------------------------------------------------

--
-- Estrutura para tabela `dellys_notas`
--

CREATE TABLE `dellys_notas` (
  `nf` int(10) NOT NULL,
  `carregamento` int(10) NOT NULL,
  `rca` int(5) NOT NULL,
  `codCliente` int(7) NOT NULL
) ENGINE=InnoDB DEFAULT CHARSET=utf8mb4 COLLATE=utf8mb4_general_ci;

-- --------------------------------------------------------

--
-- Estrutura para tabela `monitoramento`
--

CREATE TABLE `monitoramento` (
  `Id` smallint(6) UNSIGNED NOT NULL,
  `controle` smallint(6) DEFAULT NULL,
  `largada` date DEFAULT NULL,
  `lead_time` tinyint(1) DEFAULT NULL,
  `status` bit(1) DEFAULT NULL,
  `data_finalizacao` date DEFAULT NULL,
  `placa_caminhao` char(8) DEFAULT NULL,
  `cpf_motorista` char(11) DEFAULT NULL,
  `Observacoes` text DEFAULT NULL,
  `finalizada` varchar(1) DEFAULT NULL
) ENGINE=InnoDB DEFAULT CHARSET=utf8mb4 COLLATE=utf8mb4_general_ci;

--
-- Despejando dados para a tabela `monitoramento`
--

INSERT INTO `monitoramento` (`Id`, `controle`, `largada`, `lead_time`, `status`, `data_finalizacao`, `placa_caminhao`, `cpf_motorista`, `Observacoes`, `finalizada`) VALUES
(13, NULL, '2025-02-02', NULL, NULL, NULL, 'PUM3D15', '11381756689', NULL, NULL);

-- --------------------------------------------------------

--
-- Estrutura para tabela `motorista`
--

CREATE TABLE `motorista` (
  `nome` varchar(20) NOT NULL,
  `CPF_motorista` char(11) NOT NULL,
  `num_habilitacao` int(11) NOT NULL,
  `venci_habilitacao` date NOT NULL
) ENGINE=InnoDB DEFAULT CHARSET=utf8mb4 COLLATE=utf8mb4_general_ci;

--
-- Despejando dados para a tabela `motorista`
--

INSERT INTO `motorista` (`nome`, `CPF_motorista`, `num_habilitacao`, `venci_habilitacao`) VALUES
('Cristhian Daniel', '11381756689', 58756264, '2028-07-05'),
('jaime jair rocha', '56434383649', 25487469, '2027-11-24');

-- --------------------------------------------------------

--
-- Estrutura para tabela `motorista_caminhoes`
--

CREATE TABLE `motorista_caminhoes` (
  `fk_placa` char(8) NOT NULL,
  `fk_cpf_motorista` char(11) NOT NULL
) ENGINE=InnoDB DEFAULT CHARSET=utf8mb4 COLLATE=utf8mb4_general_ci;

--
-- Despejando dados para a tabela `motorista_caminhoes`
--

INSERT INTO `motorista_caminhoes` (`fk_placa`, `fk_cpf_motorista`) VALUES
('MWZ8I16', '56434383649'),
('PUM3D15', '11381756689');

-- --------------------------------------------------------

--
-- Estrutura para tabela `notas`
--

CREATE TABLE `notas` (
  `CNPJ` varchar(14) DEFAULT NULL,
  `n_nota` varchar(14) NOT NULL,
  `bairro` varchar(50) DEFAULT NULL,
  `cidade` varchar(50) DEFAULT NULL,
  `peso_bruto` decimal(9,2) NOT NULL,
  `Data_lancamento` date DEFAULT NULL,
  `Id_monitoramento` smallint(6) DEFAULT NULL,
  `fornecedor` varchar(20) NOT NULL,
  `rota` varchar(20) DEFAULT NULL,
  `valor_nota` double(9,2) NOT NULL,
  `reentrega` varchar(1) DEFAULT NULL,
  `disponivel` varchar(1) DEFAULT 'S'
) ENGINE=InnoDB DEFAULT CHARSET=utf8mb4 COLLATE=utf8mb4_general_ci;

--
-- Despejando dados para a tabela `notas`
--

INSERT INTO `notas` (`CNPJ`, `n_nota`, `bairro`, `cidade`, `peso_bruto`, `Data_lancamento`, `Id_monitoramento`, `fornecedor`, `rota`, `valor_nota`, `reentrega`, `disponivel`) VALUES
('73849952003505', '515565', 'SAO CAETANO', 'Itabuna', 123.78, '2025-02-03', 13, 'Aurora', 'ROTA7 - ILHÉUS', 2317.20, NULL, 'N'),
('73849952003505', '515566', 'SAO CAETANO', 'Itabuna', 10.32, '2025-02-03', 13, 'Aurora', 'ROTA7 - ILHÉUS', 382.68, NULL, 'N'),
('73849952003505', '515567', 'SAO CAETANO', 'Itabuna', 1242.00, '2025-02-03', 13, 'Aurora', 'ROTA7 - ILHÉUS', 8640.00, NULL, 'N'),
('73849952003688', '515568', 'CANDEIAS', 'Vitoria Da Conquista', 318.12, '2025-02-03', NULL, 'Aurora', 'ROTA8 - VITORIA DA C', 6603.00, NULL, 'S'),
('73849952003688', '515569', 'CANDEIAS', 'Vitoria Da Conquista', 123.78, '2025-02-03', NULL, 'Aurora', 'ROTA8 - VITORIA DA C', 2317.20, NULL, 'S'),
('73849952003688', '515570', 'CANDEIAS', 'Vitoria Da Conquista', 6.88, '2025-02-03', NULL, 'Aurora', 'ROTA8 - VITORIA DA C', 255.12, NULL, 'S'),
('73849952004226', '515571', 'OLIVENCA', 'Ilheus', 74.23, '2025-02-03', 13, 'Aurora', 'ROTA7 - ILHÉUS', 1673.70, NULL, 'N'),
('73849952004226', '515572', 'OLIVENCA', 'Ilheus', 212.08, '2025-02-03', 13, 'Aurora', 'ROTA7 - ILHÉUS', 4402.00, NULL, 'N'),
('73849952004226', '515573', 'OLIVENCA', 'Ilheus', 377.04, '2025-02-03', 13, 'Aurora', 'ROTA7 - ILHÉUS', 4633.20, NULL, 'N'),
('73849952004226', '515574', 'OLIVENCA', 'Ilheus', 6.88, '2025-02-03', 13, 'Aurora', 'ROTA7 - ILHÉUS', 255.12, NULL, 'N'),
('73849952004226', '515575', 'OLIVENCA', 'Ilheus', 32.55, '2025-02-03', 13, 'Aurora', 'ROTA7 - ILHÉUS', 420.00, NULL, 'N'),
('73849952004226', '515576', 'OLIVENCA', 'Ilheus', 1242.00, '2025-02-03', 13, 'Aurora', 'ROTA7 - ILHÉUS', 8640.00, NULL, 'N'),
('73849952003505', '515577', 'SAO CAETANO', 'Itabuna', 31.81, '2025-02-03', 13, 'Aurora', 'ROTA7 - ILHÉUS', 717.30, NULL, 'N'),
('73849952003505', '515578', 'SAO CAETANO', 'Itabuna', 53.02, '2025-02-03', 13, 'Aurora', 'ROTA7 - ILHÉUS', 1100.50, NULL, 'N'),
('73849952003505', '515579', 'SAO CAETANO', 'Itabuna', 313.56, '2025-02-03', 13, 'Aurora', 'ROTA7 - ILHÉUS', 2010.00, NULL, 'N'),
('73849952003505', '515580', 'SAO CAETANO', 'Itabuna', 78.24, '2025-02-03', 13, 'Aurora', 'ROTA7 - ILHÉUS', 618.75, NULL, 'N'),
('73849952003505', '515581', 'SAO CAETANO', 'Itabuna', 18.99, '2025-02-03', 13, 'Aurora', 'ROTA7 - ILHÉUS', 195.30, NULL, 'N'),
('73849952003505', '515582', 'SAO CAETANO', 'Itabuna', 27.80, '2025-02-03', 13, 'Aurora', 'ROTA7 - ILHÉUS', 795.34, NULL, 'N'),
('73849952003505', '515583', 'SAO CAETANO', 'Itabuna', 63.72, '2025-02-03', 13, 'Aurora', 'ROTA7 - ILHÉUS', 766.80, NULL, 'N'),
('73849952003505', '515584', 'SAO CAETANO', 'Itabuna', 347.04, '2025-02-03', 13, 'Aurora', 'ROTA7 - ILHÉUS', 5574.24, NULL, 'N'),
('73849952003505', '515585', 'SAO CAETANO', 'Itabuna', 52.96, '2025-02-03', 13, 'Aurora', 'ROTA7 - ILHÉUS', 475.00, NULL, 'N'),
('73849952003505', '515586', 'SAO CAETANO', 'Itabuna', 5.56, '2025-02-03', 13, 'Aurora', 'ROTA7 - ILHÉUS', 159.07, NULL, 'N'),
('73849952003505', '515587', 'SAO CAETANO', 'Itabuna', 18.99, '2025-02-03', 13, 'Aurora', 'ROTA7 - ILHÉUS', 195.30, NULL, 'N'),
('73849952003505', '515588', 'SAO CAETANO', 'Itabuna', 4.50, '2025-02-03', 13, 'Aurora', 'ROTA7 - ILHÉUS', 95.22, NULL, 'N'),
('73849952003505', '515589', 'SAO CAETANO', 'Itabuna', 162.80, '2025-02-03', 13, 'Aurora', 'ROTA7 - ILHÉUS', 1909.50, NULL, 'N'),
('73849952003688', '515590', 'CANDEIAS', 'Vitoria Da Conquista', 74.23, '2025-02-03', NULL, 'Aurora', 'ROTA8 - VITORIA DA C', 1507.80, NULL, 'S'),
('73849952003688', '515591', 'CANDEIAS', 'Vitoria Da Conquista', 53.02, '2025-02-03', NULL, 'Aurora', 'ROTA8 - VITORIA DA C', 1195.50, NULL, 'S'),
('73849952003688', '515592', 'CANDEIAS', 'Vitoria Da Conquista', 62.11, '2025-02-03', NULL, 'Aurora', 'ROTA8 - VITORIA DA C', 1844.40, NULL, 'S'),
('73849952003688', '515593', 'CANDEIAS', 'Vitoria Da Conquista', 31.30, '2025-02-03', NULL, 'Aurora', 'ROTA8 - VITORIA DA C', 247.50, NULL, 'S'),
('73849952003688', '515594', 'CANDEIAS', 'Vitoria Da Conquista', 31.65, '2025-02-03', NULL, 'Aurora', 'ROTA8 - VITORIA DA C', 325.50, NULL, 'S'),
('73849952003688', '515595', 'CANDEIAS', 'Vitoria Da Conquista', 27.80, '2025-02-03', NULL, 'Aurora', 'ROTA8 - VITORIA DA C', 795.34, NULL, 'S'),
('73849952003688', '515596', 'CANDEIAS', 'Vitoria Da Conquista', 18.24, '2025-02-03', NULL, 'Aurora', 'ROTA8 - VITORIA DA C', 382.87, NULL, 'S'),
('73849952003688', '515597', 'CANDEIAS', 'Vitoria Da Conquista', 10.33, '2025-02-03', NULL, 'Aurora', 'ROTA8 - VITORIA DA C', 318.00, NULL, 'S'),
('73849952003688', '515598', 'CANDEIAS', 'Vitoria Da Conquista', 27.80, '2025-02-03', NULL, 'Aurora', 'ROTA8 - VITORIA DA C', 795.34, NULL, 'S'),
('73849952003688', '515599', 'CANDEIAS', 'Vitoria Da Conquista', 14.52, '2025-02-03', NULL, 'Aurora', 'ROTA8 - VITORIA DA C', 264.60, NULL, 'S'),
('73849952003688', '515600', 'CANDEIAS', 'Vitoria Da Conquista', 35.47, '2025-02-03', NULL, 'Aurora', 'ROTA8 - VITORIA DA C', 590.82, NULL, 'S'),
('73849952003688', '515601', 'CANDEIAS', 'Vitoria Da Conquista', 6.87, '2025-02-03', NULL, 'Aurora', 'ROTA8 - VITORIA DA C', 255.12, NULL, 'S'),
('73849952003688', '515602', 'CANDEIAS', 'Vitoria Da Conquista', 38.50, '2025-02-03', NULL, 'Aurora', 'ROTA8 - VITORIA DA C', 567.00, NULL, 'S'),
('73849952003688', '515603', 'CANDEIAS', 'Vitoria Da Conquista', 13.68, '2025-02-03', NULL, 'Aurora', 'ROTA8 - VITORIA DA C', 287.15, NULL, 'S'),
('73849952004226', '515604', 'OLIVENCA', 'Ilheus', 281.36, '2025-02-03', 13, 'Aurora', 'ROTA7 - ILHÉUS', 2390.25, NULL, 'N'),
('73849952004226', '515605', 'OLIVENCA', 'Ilheus', 10.60, '2025-02-03', 13, 'Aurora', 'ROTA7 - ILHÉUS', 215.40, NULL, 'N'),
('73849952004226', '515606', 'OLIVENCA', 'Ilheus', 23.89, '2025-02-03', 13, 'Aurora', 'ROTA7 - ILHÉUS', 605.00, NULL, 'N'),
('73849952004226', '515607', 'OLIVENCA', 'Ilheus', 109.24, '2025-02-03', 13, 'Aurora', 'ROTA7 - ILHÉUS', 1135.05, NULL, 'N'),
('73849952003688', '515608', 'CANDEIAS', 'Vitoria Da Conquista', 31.86, '2025-02-03', NULL, 'Aurora', 'ROTA8 - VITORIA DA C', 383.40, NULL, 'S'),
('73849952003688', '515609', 'CANDEIAS', 'Vitoria Da Conquista', 52.96, '2025-02-03', NULL, 'Aurora', 'ROTA8 - VITORIA DA C', 475.00, NULL, 'S'),
('73849952003688', '515610', 'CANDEIAS', 'Vitoria Da Conquista', 47.03, '2025-02-03', NULL, 'Aurora', 'ROTA8 - VITORIA DA C', 301.50, NULL, 'S'),
('73849952003688', '515611', 'CANDEIAS', 'Vitoria Da Conquista', 31.36, '2025-02-03', NULL, 'Aurora', 'ROTA8 - VITORIA DA C', 201.00, NULL, 'S'),
('73849952003688', '515612', 'CANDEIAS', 'Vitoria Da Conquista', 9.32, '2025-02-03', NULL, 'Aurora', 'ROTA8 - VITORIA DA C', 199.09, NULL, 'S'),
('73849952004226', '515613', 'OLIVENCA', 'Ilheus', 173.52, '2025-02-03', 13, 'Aurora', 'ROTA7 - ILHÉUS', 2787.12, NULL, 'N'),
('73849952004226', '515614', 'OLIVENCA', 'Ilheus', 4.66, '2025-02-03', 13, 'Aurora', 'ROTA7 - ILHÉUS', 99.54, NULL, 'N'),
('73849952004226', '515615', 'OLIVENCA', 'Ilheus', 23.99, '2025-02-03', 13, 'Aurora', 'ROTA7 - ILHÉUS', 385.22, NULL, 'N'),
('73849952004226', '515616', 'OLIVENCA', 'Ilheus', 1149.12, '2025-02-03', 13, 'Aurora', 'ROTA7 - ILHÉUS', 18349.20, NULL, 'N'),
('31889031000179', '515617', 'FREI CALIXTO', 'Porto Seguro', 496.80, '2025-02-03', NULL, 'Aurora', 'ROTA NÃO ENCONTRADA', 3633.60, NULL, 'S'),
('09073254000104', '515618', 'CENTRO', 'Mucuri', 248.40, '2025-02-03', NULL, 'Aurora', 'ROTA5 - PRADO', 1840.80, NULL, 'S'),
('17221115000109', '515619', 'CENTRO', 'Itapebi', 298.08, '2025-02-03', 13, 'Aurora', 'ROTA7 - ILHÉUS', 2194.56, NULL, 'N'),
('51546249000138', '515620', 'ARRAIAL DAJUDA', 'Porto Seguro', 124.20, '2025-02-03', NULL, 'Aurora', 'ROTA NÃO ENCONTRADA', 914.40, NULL, 'S'),
('31889031000250', '515621', 'ARRAIAL DAJUDA', 'Porto Seguro', 248.40, '2025-02-03', NULL, 'Aurora', 'ROTA NÃO ENCONTRADA', 1816.80, NULL, 'S'),
('46665405000140', '515622', 'FREI CALIXTO', 'Porto Seguro', 27.87, '2025-02-03', NULL, 'Aurora', 'ROTA NÃO ENCONTRADA', 418.94, NULL, 'S'),
('51617117000150', '515623', 'CARAIVA', 'Porto Seguro', 21.52, '2025-02-03', NULL, 'Aurora', 'ROTA NÃO ENCONTRADA', 966.53, NULL, 'S'),
('04259819000129', '515624', 'CAMPINHO', 'Santa Cruz Cabralia', 290.79, '2025-02-03', NULL, 'Aurora', 'ROTA3 - PORTO SEGURO', 5265.05, NULL, 'S'),
('04259819000129', '515625', 'CAMPINHO', 'Santa Cruz Cabralia', 106.40, '2025-02-03', NULL, 'Aurora', 'ROTA3 - PORTO SEGURO', 1619.19, NULL, 'S'),
('23605479000195', '515626', 'ANTARES', 'Eunapolis', 19.93, '2025-02-03', NULL, 'Aurora', 'ROTA NÃO ENCONTRADA', 537.94, NULL, 'S'),
('48432940000186', '515627', 'CENTRO', 'Eunapolis', 20.96, '2025-02-03', NULL, 'Aurora', 'ROTA NÃO ENCONTRADA', 448.00, NULL, 'S'),
('34047541000197', '515628', 'CENTRO', 'Eunapolis', 10.76, '2025-02-03', NULL, 'Aurora', 'ROTA NÃO ENCONTRADA', 476.64, NULL, 'S'),
('44660119000166', '515629', 'ARRAIAL DAJUDA', 'Porto Seguro', 14.74, '2025-02-03', NULL, 'Aurora', 'ROTA NÃO ENCONTRADA', 401.62, NULL, 'S'),
('57340324000196', '515630', 'NOVA CARAIVA', 'Porto Seguro', 41.92, '2025-02-03', NULL, 'Aurora', 'ROTA NÃO ENCONTRADA', 786.57, NULL, 'S'),
('50915205000175', '515631', 'JARDIM LIBERDADE', 'Teixeira De Freitas', 51.00, '2025-02-03', NULL, 'Aurora', 'ROTA1 - TEIXEIRA', 832.00, NULL, 'S'),
('28960161000146', '515632', 'ITAPERAPUAN - SEDE', 'Porto Seguro', 25.81, '2025-02-03', NULL, 'Aurora', 'ROTA NÃO ENCONTRADA', 458.25, NULL, 'S'),
('28158175000140', '515633', 'ITAPERAPUAN - SEDE', 'Porto Seguro', 33.76, '2025-02-03', NULL, 'Aurora', 'ROTA NÃO ENCONTRADA', 924.30, NULL, 'S'),
('06575824000176', '515634', 'TAPERAPUAN', 'Porto Seguro', 81.92, '2025-02-03', NULL, 'Aurora', 'ROTA NÃO ENCONTRADA', 1382.16, NULL, 'S'),
('27538263000105', '515635', 'TAPERAPUAN', 'Porto Seguro', 43.52, '2025-02-03', NULL, 'Aurora', 'ROTA NÃO ENCONTRADA', 511.14, NULL, 'S'),
('38204064000187', '515636', 'VILLAGE I - SEDE', 'Porto Seguro', 95.36, '2025-02-03', NULL, 'Aurora', 'ROTA NÃO ENCONTRADA', 2636.67, NULL, 'S'),
('38204064000187', '515637', 'VILLAGE I - SEDE', 'Porto Seguro', 29.29, '2025-02-03', NULL, 'Aurora', 'ROTA NÃO ENCONTRADA', 924.96, NULL, 'S'),
('00267009000163', '515638', 'TAPERAPUAN', 'Porto Seguro', 38.15, '2025-02-03', NULL, 'Aurora', 'ROTA NÃO ENCONTRADA', 643.16, NULL, 'S'),
('34040394000123', '515639', 'TAPERAPUAN', 'Porto Seguro', 27.06, '2025-02-03', NULL, 'Aurora', 'ROTA NÃO ENCONTRADA', 572.62, NULL, 'S'),
('06283202000174', '515640', 'TANCREDO NEVES', 'Teixeira De Freitas', 159.99, '2025-02-03', NULL, 'Aurora', 'ROTA1 - TEIXEIRA', 2071.77, NULL, 'S'),
('28129260002124', '515641', 'NOVO HORIZONTE', 'Teixeira De Freitas', 310.50, '2025-02-03', NULL, 'Aurora', 'ROTA1 - TEIXEIRA', 2043.00, NULL, 'S'),
('28129260002124', '515642', 'NOVO HORIZONTE', 'Teixeira De Freitas', 69.87, '2025-02-03', NULL, 'Aurora', 'ROTA1 - TEIXEIRA', 1478.25, NULL, 'S'),
('28129260002124', '515643', 'NOVO HORIZONTE', 'Teixeira De Freitas', 30.65, '2025-02-03', NULL, 'Aurora', 'ROTA1 - TEIXEIRA', 322.64, NULL, 'S'),
('06283202000174', '515644', 'TANCREDO NEVES', 'Teixeira De Freitas', 102.47, '2025-02-03', NULL, 'Aurora', 'ROTA1 - TEIXEIRA', 759.33, NULL, 'S'),
('51471016000113', '515645', 'OURO VERDE', 'Teixeira De Freitas', 38.77, '2025-02-03', NULL, 'Aurora', 'ROTA1 - TEIXEIRA', 698.43, NULL, 'S'),
('48896129000156', '515646', 'CENTRO', 'Itamaraju', 51.63, '2025-02-03', NULL, 'Aurora', 'ROTA6 - ITAMARAJU', 831.50, NULL, 'S'),
('34272269000149', '515647', 'TRANCOSO', 'Porto Seguro', 57.27, '2025-02-03', NULL, 'Aurora', 'ROTA NÃO ENCONTRADA', 692.99, NULL, 'S'),
('37284068000150', '515648', 'ITAPORANGA', 'Porto Seguro', 67.59, '2025-02-03', NULL, 'Aurora', 'ROTA NÃO ENCONTRADA', 767.03, NULL, 'S'),
('53422748000149', '515649', 'LUIS EDUARDO MAGALHAES', 'Teixeira De Freitas', 57.10, '2025-02-03', NULL, 'Aurora', 'ROTA1 - TEIXEIRA', 703.90, NULL, 'S'),
('45914570000125', '515650', 'TRANCOSO', 'Porto Seguro', 124.20, '2025-02-03', NULL, 'Aurora', 'ROTA NÃO ENCONTRADA', 914.40, NULL, 'S'),
('24186861000174', '515651', 'ARRAIAL DAJUDA', 'Porto Seguro', 104.65, '2025-02-03', NULL, 'Aurora', 'ROTA NÃO ENCONTRADA', 1861.76, NULL, 'S'),
('38346705000138', '515652', 'CENTRO-ITAPORANGA', 'Porto Seguro', 77.85, '2025-02-03', NULL, 'Aurora', 'ROTA NÃO ENCONTRADA', 1295.56, NULL, 'S'),
('38346705000138', '515653', 'CENTRO-ITAPORANGA', 'Porto Seguro', 26.81, '2025-02-03', NULL, 'Aurora', 'ROTA NÃO ENCONTRADA', 705.70, NULL, 'S'),
('35569149000170', '515654', 'ARRAIAL DAJUDA', 'Porto Seguro', 38.20, '2025-02-03', NULL, 'Aurora', 'ROTA NÃO ENCONTRADA', 578.68, NULL, 'S'),
('39273267000198', '515655', 'THIAGO DE MELLO', 'Eunapolis', 26.95, '2025-02-03', NULL, 'Aurora', 'ROTA NÃO ENCONTRADA', 484.91, NULL, 'S'),
('20021215000104', '515656', 'CENTRO', 'Eunapolis', 24.66, '2025-02-03', NULL, 'Aurora', 'ROTA NÃO ENCONTRADA', 463.18, NULL, 'S'),
('19114947000151', '515657', 'DOUTOR GUSMAO', 'Eunapolis', 25.11, '2025-02-03', NULL, 'Aurora', 'ROTA NÃO ENCONTRADA', 548.28, NULL, 'S'),
('27607813000109', '515658', 'CENTRO', 'Eunapolis', 25.07, '2025-02-03', NULL, 'Aurora', 'ROTA NÃO ENCONTRADA', 534.72, NULL, 'S'),
('11609119000182', '515659', 'SANTA ISABEL', 'Eunapolis', 259.68, '2025-02-03', NULL, 'Aurora', 'ROTA NÃO ENCONTRADA', 5375.00, NULL, 'S'),
('11609119000182', '515660', 'SANTA ISABEL', 'Eunapolis', 259.68, '2025-02-03', NULL, 'Aurora', 'ROTA NÃO ENCONTRADA', 5337.50, NULL, 'S'),
('07881874000144', '515661', 'LIBERDADE I', 'Teixeira De Freitas', 22.09, '2025-02-03', NULL, 'Aurora', 'ROTA1 - TEIXEIRA', 494.02, NULL, 'S'),
('20921758000170', '515662', 'CENTRO', 'Itamaraju', 58.03, '2025-02-03', NULL, 'Aurora', 'ROTA6 - ITAMARAJU', 686.56, NULL, 'S'),
('20252302000164', '515663', 'CENTRO', 'Itamaraju', 30.98, '2025-02-03', NULL, 'Aurora', 'ROTA6 - ITAMARAJU', 521.40, NULL, 'S'),
('42678922000100', '515664', 'LIBERDADE', 'Itamaraju', 105.43, '2025-02-03', NULL, 'Aurora', 'ROTA6 - ITAMARAJU', 1728.71, NULL, 'S'),
('37241623000166', '515665', 'TRANCOSO', 'Porto Seguro', 150.55, '2025-02-03', NULL, 'Aurora', 'ROTA NÃO ENCONTRADA', 1390.69, NULL, 'S'),
('24312145000196', '515666', 'ARRAIAL DAJUDA', 'Porto Seguro', 90.18, '2025-02-03', NULL, 'Aurora', 'ROTA NÃO ENCONTRADA', 684.54, NULL, 'S'),
('54462527000167', '515667', 'ARRAIAL DAJUDA', 'Porto Seguro', 51.57, '2025-02-03', NULL, 'Aurora', 'ROTA NÃO ENCONTRADA', 772.90, NULL, 'S'),
('48112560000164', '515668', 'TRANCOSO', 'Porto Seguro', 21.21, '2025-02-03', NULL, 'Aurora', 'ROTA NÃO ENCONTRADA', 500.60, NULL, 'S'),
('53756007000102', '515669', 'TRANCOSO', 'Porto Seguro', 11.57, '2025-02-03', NULL, 'Aurora', 'ROTA NÃO ENCONTRADA', 517.70, NULL, 'S'),
('50389079000162', '515670', 'TRANCOSO', 'Porto Seguro', 25.07, '2025-02-03', NULL, 'Aurora', 'ROTA NÃO ENCONTRADA', 744.00, NULL, 'S'),
('34639181000112', '515671', 'CENTRO', 'Porto Seguro', 19.14, '2025-02-03', NULL, 'Aurora', 'ROTA NÃO ENCONTRADA', 534.95, NULL, 'S'),
('43375654000102', '515672', 'WILSON GUIMARAES SOARES', 'Teixeira De Freitas', 6.45, '2025-02-03', NULL, 'Aurora', 'ROTA1 - TEIXEIRA', 155.46, NULL, 'S'),
('43375654000102', '515673', 'WILSON GUIMARAES SOARES', 'Teixeira De Freitas', 22.91, '2025-02-03', NULL, 'Aurora', 'ROTA1 - TEIXEIRA', 400.71, NULL, 'S'),
('37172095000130', '515674', 'TAPERAPUAN', 'Porto Seguro', 107.89, '2025-02-03', NULL, 'Aurora', 'ROTA NÃO ENCONTRADA', 1911.21, NULL, 'S'),
('07145624000146', '515675', 'PRAIA DE TAPERAPUAN', 'Porto Seguro', 21.52, '2025-02-03', NULL, 'Aurora', 'ROTA NÃO ENCONTRADA', 953.28, NULL, 'S'),
('23142898000138', '515676', 'LIBERDADE II', 'Teixeira De Freitas', 21.37, '2025-02-03', NULL, 'Aurora', 'ROTA1 - TEIXEIRA', 557.61, NULL, 'S'),
('42185497000100', '515677', 'WILSON GUIMARAES SOARES', 'Teixeira De Freitas', 37.11, '2025-02-03', NULL, 'Aurora', 'ROTA1 - TEIXEIRA', 429.31, NULL, 'S'),
('23656391000100', '515679', 'ITAPUA', 'Eunapolis', 53.76, '2025-02-03', NULL, 'Aurora', 'ROTA NÃO ENCONTRADA', 952.78, NULL, 'S'),
('41042438000110', '515680', 'DE FATIMA', 'Itamaraju', 61.58, '2025-02-03', NULL, 'Aurora', 'ROTA6 - ITAMARAJU', 764.49, NULL, 'S'),
('41042438000110', '515681', 'DE FATIMA', 'Itamaraju', 37.52, '2025-02-03', NULL, 'Aurora', 'ROTA6 - ITAMARAJU', 429.48, NULL, 'S'),
('46665405000140', '515682', 'FREI CALIXTO', 'Porto Seguro', 12.52, '2025-02-03', NULL, 'Aurora', 'ROTA NÃO ENCONTRADA', 186.48, NULL, 'S'),
('04630388000165', '515683', 'SAO LOURENCO', 'Teixeira De Freitas', 11.79, '2025-02-03', NULL, 'Aurora', 'ROTA1 - TEIXEIRA', 126.14, NULL, 'S'),
('04630388000246', '515684', 'CASTELINHO', 'Teixeira De Freitas', 11.79, '2025-02-03', NULL, 'Aurora', 'ROTA1 - TEIXEIRA', 126.14, NULL, 'S'),
('04630388000165', '515685', 'SAO LOURENCO', 'Teixeira De Freitas', 133.24, '2025-02-03', NULL, 'Aurora', 'ROTA1 - TEIXEIRA', 1091.29, NULL, 'S'),
('04630388000246', '515686', 'CASTELINHO', 'Teixeira De Freitas', 53.16, '2025-02-03', NULL, 'Aurora', 'ROTA1 - TEIXEIRA', 435.33, NULL, 'S'),
('58106388000190', '515687', 'CENTRO - SEDE', 'Itagimirim', 76.22, '2025-02-03', 13, 'Aurora', 'ROTA7 - ILHÉUS', 1025.47, NULL, 'N'),
('51460963000109', '515688', 'CENTRO', 'Itamaraju', 76.62, '2025-02-03', NULL, 'Aurora', 'ROTA6 - ITAMARAJU', 877.14, NULL, 'S'),
('07013409000191', '515689', 'CENTRO', 'Itamaraju', 29.80, '2025-02-03', NULL, 'Aurora', 'ROTA6 - ITAMARAJU', 518.12, NULL, 'S'),
('44192790000120', '515690', 'FATIMA', 'Itamaraju', 29.04, '2025-02-03', NULL, 'Aurora', 'ROTA6 - ITAMARAJU', 531.02, NULL, 'S'),
('31977980000100', '515691', 'CENTRO', 'Porto Seguro', 21.21, '2025-02-03', NULL, 'Aurora', 'ROTA NÃO ENCONTRADA', 550.00, NULL, 'S'),
('17314769000187', '515692', 'JARDIM PERUIPE', 'Nova Vicosa', 35.83, '2025-02-03', NULL, 'Aurora', 'ROTA5 - PRADO', 610.95, NULL, 'S'),
('17314769000187', '515693', 'JARDIM PERUIPE', 'Nova Vicosa', 48.01, '2025-02-03', NULL, 'Aurora', 'ROTA5 - PRADO', 436.42, NULL, 'S'),
('17806383000192', '515694', 'PETRONILIO LEANDRO', 'Nova Vicosa', 27.36, '2025-02-03', NULL, 'Aurora', 'ROTA5 - PRADO', 590.20, NULL, 'S'),
('07394215000183', '515695', 'CENTRO', 'Nova Vicosa', 118.58, '2025-02-03', NULL, 'Aurora', 'ROTA5 - PRADO', 2646.00, NULL, 'S'),
('07394215000183', '515696', 'CENTRO', 'Nova Vicosa', 66.58, '2025-02-03', NULL, 'Aurora', 'ROTA5 - PRADO', 842.09, NULL, 'S'),
('14743981000171', '515697', 'ARRAIAL DAJUDA', 'Porto Seguro', 30.09, '2025-02-03', NULL, 'Aurora', 'ROTA NÃO ENCONTRADA', 701.98, NULL, 'S'),
('21011825000181', '515698', 'ARRAIAL DAJUDA', 'Porto Seguro', 43.56, '2025-02-03', NULL, 'Aurora', 'ROTA NÃO ENCONTRADA', 848.82, NULL, 'S'),
('49633410000169', '515699', 'RECANTO DO LAGO', 'Teixeira De Freitas', 34.70, '2025-02-03', NULL, 'Aurora', 'ROTA1 - TEIXEIRA', 897.12, NULL, 'S'),
('23656391000100', '515700', 'ITAPUA', 'Eunapolis', 31.55, '2025-02-03', NULL, 'Aurora', 'ROTA NÃO ENCONTRADA', 726.67, NULL, 'S'),
('24061770000102', '515701', 'ROSA NETO', 'Eunapolis', 20.18, '2025-02-03', NULL, 'Aurora', 'ROTA NÃO ENCONTRADA', 371.38, NULL, 'S'),
('24061770000102', '515702', 'ROSA NETO', 'Eunapolis', 74.52, '2025-02-03', NULL, 'Aurora', 'ROTA NÃO ENCONTRADA', 548.64, NULL, 'S'),
('34126573000188', '515703', 'ARRAIAL DAJUDA', 'Porto Seguro', 127.12, '2025-02-03', NULL, 'Aurora', 'ROTA NÃO ENCONTRADA', 1774.59, NULL, 'S'),
('37671502000154', '515704', 'LAGOA', 'Nova Vicosa', 92.82, '2025-02-03', NULL, 'Aurora', 'ROTA5 - PRADO', 1584.77, NULL, 'S'),
('07935933000110', '515705', 'DA LAGOA', 'Nova Vicosa', 36.84, '2025-02-03', NULL, 'Aurora', 'ROTA5 - PRADO', 576.72, NULL, 'S'),
('17300983000184', '515706', 'TRANCOSO', 'Porto Seguro', 100.46, '2025-02-03', NULL, 'Aurora', 'ROTA NÃO ENCONTRADA', 1494.95, NULL, 'S'),
('17300983000184', '515707', 'TRANCOSO', 'Porto Seguro', 73.03, '2025-02-03', NULL, 'Aurora', 'ROTA NÃO ENCONTRADA', 1259.23, NULL, 'S'),
('47871724000174', '515708', 'CENTRO', 'Eunapolis', 9.98, '2025-02-03', NULL, 'Aurora', 'ROTA NÃO ENCONTRADA', 303.78, NULL, 'S'),
('45302028000111', '515709', 'ITAPERAPUAN - SEDE', 'Porto Seguro', 7.87, '2025-02-03', NULL, 'Aurora', 'ROTA NÃO ENCONTRADA', 571.20, NULL, 'S'),
('14661358000170', '515710', 'NOSSA SENHORA DA CONCEICAO', 'Nova Vicosa', 23.44, '2025-02-03', NULL, 'Aurora', 'ROTA5 - PRADO', 439.38, NULL, 'S'),
('56343055000159', '515711', 'ARRAIAL DAJUDA', 'Porto Seguro', 7.87, '2025-02-03', NULL, 'Aurora', 'ROTA NÃO ENCONTRADA', 575.19, NULL, 'S'),
('50796830000145', '515712', 'PARQUE JOAO CARLOS 3 - SEDE', 'Porto Seguro', 106.40, '2025-02-03', NULL, 'Aurora', 'ROTA NÃO ENCONTRADA', 1599.20, NULL, 'S'),
('28503943000156', '515713', 'VERANEIO', 'Nova Vicosa', 29.04, '2025-02-03', NULL, 'Aurora', 'ROTA5 - PRADO', 455.77, NULL, 'S'),
('28503943000156', '515714', 'VERANEIO', 'Nova Vicosa', 37.11, '2025-02-03', NULL, 'Aurora', 'ROTA5 - PRADO', 562.92, NULL, 'S'),
('37392694000160', '515715', 'JUCA ROSA', 'Eunapolis', 156.50, '2025-02-03', NULL, 'Aurora', 'ROTA NÃO ENCONTRADA', 3050.50, NULL, 'S'),
('37392694000160', '515716', 'JUCA ROSA', 'Eunapolis', 64.08, '2025-02-03', NULL, 'Aurora', 'ROTA NÃO ENCONTRADA', 1215.07, NULL, 'S'),
('49697753000197', '515717', 'NOVO PRADO', 'Itamaraju', 18.84, '2025-02-03', NULL, 'Aurora', 'ROTA6 - ITAMARAJU', 469.60, NULL, 'S'),
('49725524000139', '515718', 'CENTRO', 'Itamaraju', 37.52, '2025-02-03', NULL, 'Aurora', 'ROTA6 - ITAMARAJU', 449.64, NULL, 'S'),
('37683801000109', '515719', 'ARRAIAL DAJUDA', 'Porto Seguro', 75.08, '2025-02-03', NULL, 'Aurora', 'ROTA NÃO ENCONTRADA', 1033.44, NULL, 'S'),
('20535305000105', '515720', 'ALCIONE', 'Nova Vicosa', 7.87, '2025-02-03', NULL, 'Aurora', 'ROTA5 - PRADO', 563.29, NULL, 'S'),
('22067681000148', '515721', 'CENTRO', 'Itamaraju', 21.52, '2025-02-03', NULL, 'Aurora', 'ROTA6 - ITAMARAJU', 603.45, NULL, 'S'),
('22067681000148', '515722', 'CENTRO', 'Itamaraju', 21.52, '2025-02-03', NULL, 'Aurora', 'ROTA6 - ITAMARAJU', 599.24, NULL, 'S'),
('38312645000132', '515723', 'TRANCOSO', 'Porto Seguro', 30.56, '2025-02-03', NULL, 'Aurora', 'ROTA NÃO ENCONTRADA', 458.25, NULL, 'S'),
('38312645000132', '515724', 'TRANCOSO', 'Porto Seguro', 25.78, '2025-02-03', NULL, 'Aurora', 'ROTA NÃO ENCONTRADA', 517.71, NULL, 'S'),
('28129260002124', '515725', 'NOVO HORIZONTE', 'Teixeira De Freitas', 1253.60, '2025-02-03', NULL, 'Aurora', 'ROTA1 - TEIXEIRA', 22680.00, NULL, 'S'),
('53991326000194', '515726', 'CENTRO', 'Eunapolis', 26.25, '2025-02-03', NULL, 'Aurora', 'ROTA NÃO ENCONTRADA', 511.75, NULL, 'S'),
('33489346000154', '515727', 'CENTRO', 'Itabela', 130.88, '2025-02-03', NULL, 'Aurora', 'ROTA6 - ITAMARAJU', 1562.00, NULL, 'S'),
('00062616000359', '515728', 'CENTRO', 'Itamaraju', 30.01, '2025-02-03', NULL, 'Aurora', 'ROTA6 - ITAMARAJU', 812.87, NULL, 'S'),
('06353864001811', '515729', 'CENTRO', 'Eunapolis', 50.06, '2025-02-03', NULL, 'Aurora', 'ROTA NÃO ENCONTRADA', 1662.54, NULL, 'S'),
('06353864000920', '515730', 'CENTRO', 'Santa Cruz Cabralia', 48.84, '2025-02-03', NULL, 'Aurora', 'ROTA3 - PORTO SEGURO', 1319.25, NULL, 'S'),
('06353864000840', '515731', 'DOUTOR GUSMAO', 'Eunapolis', 34.44, '2025-02-03', NULL, 'Aurora', 'ROTA NÃO ENCONTRADA', 1089.88, NULL, 'S'),
('63246151000144', '515732', 'CAMBOLO', 'Porto Seguro', 128.97, '2025-02-03', NULL, 'Aurora', 'ROTA NÃO ENCONTRADA', 1360.82, NULL, 'S'),
('29961891000124', '515733', 'CAMBOLO - SEDE', 'Porto Seguro', 108.90, '2025-02-03', NULL, 'Aurora', 'ROTA NÃO ENCONTRADA', 1721.63, NULL, 'S'),
('29084815000188', '515734', 'ARRAIAL DAJUDA', 'Porto Seguro', 15.88, '2025-02-03', NULL, 'Aurora', 'ROTA NÃO ENCONTRADA', 449.15, NULL, 'S'),
('29084815000188', '515735', 'ARRAIAL DAJUDA', 'Porto Seguro', 15.88, '2025-02-03', NULL, 'Aurora', 'ROTA NÃO ENCONTRADA', 452.35, NULL, 'S'),
('30928283000105', '515736', 'MANOEL CARNEIRO - SEDE', 'Porto Seguro', 127.50, '2025-02-03', NULL, 'Aurora', 'ROTA NÃO ENCONTRADA', 2051.25, NULL, 'S'),
('06353864000505', '515737', 'ENCANTO DAS AGUAS', 'Eunapolis', 24.11, '2025-02-03', NULL, 'Aurora', 'ROTA NÃO ENCONTRADA', 747.98, NULL, 'S'),
('06353864000416', '515738', 'BELA VISTA', 'Teixeira De Freitas', 44.27, '2025-02-03', NULL, 'Aurora', 'ROTA1 - TEIXEIRA', 1417.79, NULL, 'S'),
('06353864000335', '515739', 'CENTRO', 'Porto Seguro', 54.86, '2025-02-03', NULL, 'Aurora', 'ROTA NÃO ENCONTRADA', 1739.76, NULL, 'S'),
('19688291000180', '515740', 'PEQUI', 'Eunapolis', 46.74, '2025-02-03', NULL, 'Aurora', 'ROTA NÃO ENCONTRADA', 800.95, NULL, 'S'),
('19688291000180', '515741', 'PEQUI', 'Eunapolis', 9.80, '2025-02-03', NULL, 'Aurora', 'ROTA NÃO ENCONTRADA', 319.50, NULL, 'S');

--
-- Acionadores `notas`
--
DELIMITER $$
CREATE TRIGGER `before_insert_aurora` BEFORE INSERT ON `notas` FOR EACH ROW BEGIN
    DECLARE rota_found VARCHAR(255);

    -- Quando for Montes Claros, buscar na tabela base_rotas_bairros pelo bairro
    IF NEW.cidade = 'MONTES CLAROS' THEN
        SELECT rota INTO rota_found
        FROM base_rotas_bairros
        WHERE bairro = NEW.bairro
        LIMIT 1;

        -- Definir a rota ou "ROTA NÃO ENCONTRADA"
        IF rota_found IS NOT NULL THEN
            SET NEW.rota = rota_found;
        ELSE
            SET NEW.rota = 'ROTA NÃO ENCONTRADA';
        END IF;

    -- Para outras cidades, buscar na tabela base_rotas pelo nome da cidade
    ELSE
        SELECT rota INTO rota_found
        FROM base_rotas
        WHERE cidade = NEW.cidade
        LIMIT 1;

        -- Definir a rota ou "ROTA NÃO ENCONTRADA"
        IF rota_found IS NOT NULL THEN
            SET NEW.rota = rota_found;
        ELSE
            SET NEW.rota = 'ROTA NÃO ENCONTRADA';
        END IF;
    END IF;
END
$$
DELIMITER ;
DELIMITER $$
CREATE TRIGGER `before_insert_cruzeiro` BEFORE INSERT ON `notas` FOR EACH ROW BEGIN
    -- Verificar se a operação é "Plena" e o município está na lista correspondente
    IF NEW.fornecedor = 'Cruzeiro' AND NEW.cidade IN ('ALMENARA', 'ARAÇUAI', 'BERILO', 'CORONEL MURTA', 'CURRAL DE DENTRO', 'FRANCISCO BADARÓ', 'JENIPAPO DE MINAS', 'AGUA BOA', 'ANGELANDIA', 'CAPELINHA', 'CARBONITA', 'ITAMARANDIBA', 'JOSÉ GONÇALVES DE MINAS', 'JOSÉ RAYDAN', 'MINAS NOVAS', 'OLHOS DÁGUA', 'SANTA MARIA DO SUAÇUÍ', 'SÃO SEBASTIÃO DO MARANHÃO', 'TURMALINA', 'CORAÇÃO DE JESUS', 'LUISLÂNDIA', 'SÃO JOÃO DA LAGOA', 'AUGUSTO DE LIMA', 'BOCAIÚVA', 'BUENÓPOLIS', 'CORINTO', 'CURVELO', 'ENGENHEIRO NAVARRO', 'FRANCISCO DUMONT', 'GUARACIAMA', 'INIMUTABA', 'JOAQUIM FELÍCIO', 'MORRO DA GARÇA', 'COUTO DE MAGALHÃES DE MINAS', 'DIAMANTINA', 'GOUVEIA', 'JAÍBA', 'JUVENÍLIA', 'MANGA', 'MATIAS CARDOSO', 'MIRAVÂNIA', 'MONTALVÂNIA', 'CATUTI', 'ESPINOSA', 'GAMELEIRAS', 'JANAÚBA', 'MAMONAS', 'MATO VERDE', 'MONTE AZUL', 'MONTEZUMA', 'PAI PEDRO', 'PORTEIRINHA', 'SANTO ANTÔNIO DO RETIRO', 'SERRANÓPOLIS DE MINAS', 'BONITO DE MINAS', 'BRASÍLIA DE MINAS', 'CÔNEGO MARINHO', 'ITACARAMBI', 'JANUÁRIA', 'JAPONVAR', 'LONTRA', 'MIRABELA', 'PEDRAS DE MARIA DA CRUZ', 'SAO FRANCISCO', 'SÃO JOÃO DAS MISSÕES', 'CRISTÁLIA', 'GLAUCILÂNDIA', 'JURAMENTO', 'MONTES CLAROS', 'BURITIZEIRO', 'CLARO DOS POÇÕES', 'PIRAPORA', 'BERIZAL', 'FRANCISCO SÁ', 'NINHEIRA', 'PADRE CARVALHO', 'RIO PARDO DE MINAS', 'SALINAS', 'SÃO JOÃO DO PARAÍSO', 'TAIOBEIRAS', 'VIRGEM DA LAPA', 'IBIAÍ', 'JEQUITAÍ', 'LASSANCE', 'VÁRZEA DA PALMA', 'SÃO JOÃO DA PONTE', 'VARZELÂNDIA') THEN
        -- Atualizar o campo "rota" na tabela "notas" com a rota correspondente
        SET NEW.rota =
            CASE
                WHEN NEW.cidade IN ('ALMENARA') THEN 'ALMENARA'
                WHEN NEW.cidade IN ('ARAÇUAI', 'BERILO', 'CORONEL MURTA', 'CURRAL DE DENTRO', 'FRANCISCO BADARÓ', 'JENIPAPO DE MINAS') THEN 'ARAÇUAI'
                WHEN NEW.cidade IN ('AGUA BOA', 'ANGELANDIA', 'CAPELINHA', 'CARBONITA', 'ITAMARANDIBA', 'JOSÉ GONÇALVES DE MINAS', 'JOSÉ RAYDAN', 'MINAS NOVAS', 'OLHOS DÁGUA', 'SANTA MARIA DO SUAÇUÍ', 'SÃO SEBASTIÃO DO MARANHÃO', 'TURMALINA') THEN 'CAPELINHA'
                WHEN NEW.cidade IN ('CORAÇÃO DE JESUS', 'LUISLÂNDIA', 'SÃO JOÃO DA LAGOA') THEN 'CORACAO'
                WHEN NEW.cidade IN ('AUGUSTO DE LIMA', 'BOCAIÚVA', 'BUENÓPOLIS', 'CORINTO', 'CURVELO', 'ENGENHEIRO NAVARRO', 'FRANCISCO DUMONT', 'GUARACIAMA', 'INIMUTABA', 'JOAQUIM FELÍCIO', 'MORRO DA GARÇA') THEN 'CURVELO'
                WHEN NEW.cidade IN ('COUTO DE MAGALHÃES DE MINAS', 'DIAMANTINA', 'GOUVEIA') THEN 'DIAMANTINA'
                WHEN NEW.cidade IN ('JAÍBA', 'JUVENÍLIA', 'MANGA', 'MATIAS CARDOSO', 'MIRAVÂNIA', 'MONTALVÂNIA') THEN 'JAIBA'
                WHEN NEW.cidade IN ('CATUTI', 'ESPINOSA', 'GAMELEIRAS', 'JANAÚBA', 'MAMONAS', 'MATO VERDE', 'MONTE AZUL', 'MONTEZUMA', 'PAI PEDRO', 'PORTEIRINHA', 'SANTO ANTÔNIO DO RETIRO', 'SERRANÓPOLIS DE MINAS') THEN 'JANAUBA'
                WHEN NEW.cidade IN ('BONITO DE MINAS', 'BRASÍLIA DE MINAS', 'CÔNEGO MARINHO', 'ITACARAMBI', 'JANUÁRIA', 'JAPONVAR', 'LONTRA', 'MIRABELA', 'PEDRAS DE MARIA DA CRUZ', 'SAO FRANCISCO', 'SÃO JOÃO DAS MISSÕES') THEN 'JANUÁRIA'
		WHEN NEW.cidade IN ('CRISTÁLIA', 'GLAUCILÂNDIA', 'JURAMENTO') THEN 'MONTES CLAROS'
                WHEN NEW.cidade IN ('MONTES CLAROS') THEN 
		 CASE NEW.bairro
        WHEN 'ZONA RURAL' THEN 'BOCAIUVA'
        WHEN 'PLANALTO RURAL' THEN 'BOCAIUVA'
        WHEN 'BARCELONA PARQUE' THEN 'CENTRO-1'
        WHEN 'BELA VISTA' THEN 'CENTRO-1'
        WHEN 'CIDADE INDUSTRIAL' THEN 'CENTRO-1'
        WHEN 'CONJ.HABITAC.VITORIA II' THEN 'CENTRO-1'
        WHEN 'CONJ HABITAC VITORIA II' THEN 'CENTRO-1'
        WHEN 'JARDIM PANORAMA' THEN 'CENTRO-1'
        WHEN 'CONJ PANORAMA II' THEN 'CENTRO-1'
        WHEN 'CONJUNTO PANORAMA II' THEN 'CENTRO-1'
        WHEN 'DISTRITO INDUSTRIAL' THEN 'CENTRO-1'
        WHEN 'EDGAR PEREIRA' THEN 'CENTRO-1'
        WHEN 'ELDORADO' THEN 'CENTRO-1'
        WHEN 'JARDIM BRASIL' THEN 'CENTRO-1'
        WHEN 'DISTRITO-NOVA ESPERANCA' THEN 'CENTRO-1'
        WHEN 'NOVA ESPERANCA' THEN 'CENTRO-1'
        WHEN 'NOVA MORADA' THEN 'CENTRO-1'
        WHEN 'RESIDENCIAL VITORIA' THEN 'CENTRO-1'
        WHEN 'RIO CEDRO' THEN 'CENTRO-1'
        WHEN 'SANTA EUGENIA' THEN 'CENTRO-1'
        WHEN 'SANTA ROSA DE LIMA' THEN 'CENTRO-1'
        WHEN 'SANTOS REIS' THEN 'CENTRO-1'
        WHEN 'VILA ANTONIO NARCISO' THEN 'CENTRO-1'
        WHEN 'VILA ATLANTIDA' THEN 'CENTRO-1'
        WHEN 'VILA AUREA' THEN 'CENTRO-1'
        WHEN 'VILA BRASILIA' THEN 'CENTRO-1'
        WHEN 'VILA CASTELO BRANCO' THEN 'CENTRO-1'
        WHEN 'VILA PRODACON' THEN 'CENTRO-1'
        WHEN 'VILA SANTA EUGENIA' THEN 'CENTRO-1'
        WHEN 'VILA TONCHEF' THEN 'CENTRO-1'
        WHEN 'ALICE MAIA' THEN 'CENTRO-2'
        WHEN 'ALTO SAO JOAO' THEN 'CENTRO-2'
        WHEN 'CENTRO' THEN 'CENTRO-2'
        WHEN 'FUNCIONARIOS' THEN 'CENTRO-2'
        WHEN 'JARDIM SAO LUIZ' THEN 'CENTRO-2'
        WHEN 'JOAO GORDO' THEN 'CENTRO-2'
        WHEN 'LOURDES' THEN 'CENTRO-2'
        WHEN 'MELO' THEN 'CENTRO-2'
        WHEN 'ROXO VERDE' THEN 'CENTRO-2'
        WHEN 'SAO JOSE' THEN 'CENTRO-2'
        WHEN 'TODOS OS SANTOS' THEN 'CENTRO-2'
        WHEN 'VILA MAURICEIA' THEN  'CENTRO-2'
        WHEN 'VILA OLIVEIRA' THEN  'CENTRO-2'
        WHEN 'VILA REGINA' THEN  'CENTRO-2'
        WHEN 'VILA EXPOSICAO' THEN  'CENTRO-2'
        WHEN 'VILA SANTA MAIRA' THEN  'CENTRO-2'
        WHEN 'ACACIAS' THEN  'DELFINO-1'
        WHEN 'ALCIDES RABELO' THEN  'DELFINO-1'
        WHEN 'ALTO FLORESTA' THEN  'DELFINO-1'
        WHEN 'BELVEDERE' THEN  'DELFINO-1'
        WHEN 'CARMELO' THEN  'DELFINO-1'
        WHEN 'CONJUNTO JK' THEN 'DELFINO-1'
        WHEN 'Conjunto Residencial Jk' THEN 'DELFINO-1'
        WHEN 'ESPLANADA' THEN 'DELFINO-1'
        WHEN 'GUARUJA' THEN 'DELFINO-1'
        WHEN 'INDEPENDENCIA' THEN 'DELFINO-1'
        WHEN 'INTERLAGOS' THEN 'DELFINO-1'
        WHEN 'JARAGUA I' THEN 'DELFINO-1'
        WHEN 'JARAGUA' THEN 'DELFINO-1'
        WHEN 'JARDIM ALEGRE' THEN 'DELFINO-1'
        WHEN 'JARDIM PRIMAVERA' THEN 'DELFINO-1'
        WHEN 'LOTEAMENTO NOVO JARAGUA' THEN 'DELFINO-1'
        WHEN 'LOTEAMENTO RECANTO DAS AGUAS' THEN 'DELFINO-1'
        WHEN 'MONTE CARMELO' THEN 'DELFINO-1'
        WHEN 'MONTE SIAO' THEN 'DELFINO-1'
        WHEN 'MONTE SIAO IV' THEN 'DELFINO-1'
        WHEN 'NOVO JARAGUA' THEN 'DELFINO-1'
        WHEN 'PLANALTO' THEN 'DELFINO-1'
        WHEN 'PORTAL DOS IPES' THEN 'DELFINO-1'
        WHEN 'RENASCENCA' THEN 'DELFINO-1'
        WHEN 'RESIDENCIAL SUL IPES' THEN 'DELFINO-1'
        WHEN 'RESIDENCIAL MONTE SIAO' THEN 'DELFINO-1'
        WHEN 'RESIDIDENCIAL MINAS GERAIS' THEN 'DELFINO-1'
        WHEN 'SANTA LUCIA' THEN 'DELFINO-1'
        WHEN 'SANTOS DUMONT' THEN 'DELFINO-1'
        WHEN 'SAO BENTO' THEN 'DELFINO-1'
        WHEN 'UNIVERSITARIO' THEN 'DELFINO-1'
        WHEN 'VENEZA PARQUE' THEN 'DELFINO-1'
        WHEN 'VILAGE DO LAGO' THEN 'DELFINO-1'
        WHEN 'VILLAGE DO LAGO I' THEN 'DELFINO-1'
        WHEN 'ALTO DA BOA VISTA' THEN 'DELFINO-2'
        WHEN 'ANTONIO PIMENTA' THEN 'DELFINO-2'
        WHEN 'CAMILO PRATES' THEN 'DELFINO-2'
        WHEN 'CINTRA' THEN 'DELFINO-2'
        WHEN 'CINTRA / DELFINO MAGALHAE' THEN 'DELFINO-2'
        WHEN 'DELFINO MAGALHAES' THEN 'DELFINO-2'
        WHEN 'NOVO DELFINO' THEN 'DELFINO-2'
        WHEN 'FRANCISCO PERES' THEN 'DELFINO-2'
        WHEN 'FRANCISCO PERES I' THEN 'DELFINO-2'
        WHEN 'JARDIM ALVORADA' THEN 'DELFINO-2'
        WHEN 'JARDIM OLIMPICO' THEN 'DELFINO-2'
        WHEN 'JARDIM PALMEIRAS' THEN 'DELFINO-2'
        WHEN 'JOSE CARLOS VALE DE LIMA' THEN 'DELFINO-2'
        WHEN 'MARIA CANDIDA' THEN 'DELFINO-2'
        WHEN 'MONTE ALEGRE' THEN 'DELFINO-2'
        WHEN 'MORRINHOS' THEN 'DELFINO-2'
        WHEN 'NOSSA SENHORA DE  FATIMA' THEN 'DELFINO-2'
        WHEN 'SANTA RAFAELA' THEN 'DELFINO-2'
        WHEN 'SANTA RITA' THEN 'DELFINO-2'
        WHEN 'SANTA RITA I' THEN 'DELFINO-2'
        WHEN 'SANTA RITA II' THEN 'DELFINO-2'
        WHEN 'SANTO ANTONIO' THEN 'DELFINO-2'
        WHEN 'SANTO INACIO' THEN 'DELFINO-2'
        WHEN 'SANTO IN' THEN 'DELFINO-2'
        WHEN 'SION' THEN 'DELFINO-2'
        WHEN 'VERA CRUZ' THEN 'DELFINO-2'
	WHEN 'VILA ANALIA' THEN 'DELFINO-2'
                    WHEN 'VILA IPIRANGA' THEN 'DELFINO-2'
                    WHEN 'VILA MARIA CANDIDA' THEN 'DELFINO-2'
                    WHEN 'VILA NAZARE' THEN'DELFINO-2'
                    WHEN 'VILA NAZARETH' THEN 'DELFINO-2'
                    WHEN 'VILA SION' THEN 'DELFINO-2'
                    WHEN 'VILA SUMARE' THEN'DELFINO-2'
                    WHEN 'VILA TELMA' THEN 'DELFINO-2'
                    WHEN 'AUGUSTA MOTA' THEN 'MAJOR-1'
                    WHEN 'Augusto Mota' THEN 'MAJOR-1'
                    WHEN 'CANDIDA CAMARA' THEN 'MAJOR-1'
                    WHEN 'CANELA' THEN 'MAJOR-1'
                    WHEN 'CANELAS' THEN 'MAJOR-1'
                    WHEN 'CIDADE NOVA' THEN 'MAJOR-1'
                    WHEN 'DOS CANELAS' THEN 'MAJOR-1'
                    WHEN 'FUNCIONARIOS' THEN 'MAJOR-1'
                    WHEN 'IBITURUNA' THEN 'MAJOR-1'
                    WHEN 'JARDIM LIBERDADE' THEN 'MAJOR-1'
                    WHEN 'JARDIM SAO GERALDO' THEN 'MAJOR-1'
                    WHEN 'JARDIM SAO GERALDO II' THEN 'MAJOR-1'
                    WHEN 'KM 14' THEN 'MAJOR-1'
                    WHEN 'MAJOR PRATES' THEN 'MAJOR-1'
                    WHEN 'MORADA DA SERRA' THEN 'MAJOR-1'
                    WHEN 'MORADA DO PARQUE' THEN 'MAJOR-1'
                    WHEN 'MORADA DO SOL' THEN 'MAJOR-1'
                    WHEN 'SAGRADA FAMILIA' THEN 'MAJOR-1'
                    WHEN 'SANTO EXPEDITO' THEN 'MAJOR-1'
                    WHEN 'SAO GERALDO' THEN 'MAJOR-1'
                    WHEN 'SAO GERALDO' THEN 'MAJOR-1'
                    WHEN 'SAO GERALDO II' THEN 'MAJOR-1'
                    WHEN 'VARGEM GRANDE' THEN 'MAJOR-1'
                    WHEN 'VILA GUILHERMINA' THEN 'MAJOR-1'
                    WHEN 'VILA LUISA' THEN 'MAJOR-1'
                    WHEN 'VILA LUIZA' THEN 'MAJOR-1'
                    WHEN 'ALTEROSAS' THEN 'MAJOR-2'
                    WHEN 'CONJUNTO CHIQUINHO GUIMARAES' THEN 'MAJOR-2'
                    WHEN 'Conjunto Ciro dos Anjos' THEN 'MAJOR-2'
                    WHEN 'CONJUNTO CRISTO REI' THEN 'MAJOR-2'
                    WHEN 'CONJUNTO JOAQUIM COSTA' THEN 'MAJOR-2'
                    WHEN 'DOS MANGUES' THEN 'MAJOR-2'
                    WHEN 'DR. JOAO ALVES' THEN 'MAJOR-2'
                    WHEN 'JOAO ALVES' THEN 'MAJOR-2'
                    WHEN 'JOSE CORREA  MACHADO' THEN 'MAJOR-2'
                    WHEN 'MARACANA' THEN 'MAJOR-2'
                    WHEN 'RESIDENCIAL SUL IPES' THEN 'MAJOR-2'
                    WHEN 'SAO JUDAS' THEN 'MAJOR-2'
                    WHEN 'SAO JUDAS TADEU' THEN 'MAJOR-2'
                    WHEN 'Sao Judas Tadeu I' THEN 'MAJOR-2'
                    WHEN 'VILA CAMPOS' THEN 'MAJOR-2'
                    WHEN 'VILA GREICE' THEN 'MAJOR-2'
                    END
                WHEN NEW.cidade IN ('BURITIZEIRO', 'CLARO DOS POÇÕES', 'PIRAPORA') THEN 'PIRAPORA'
                WHEN NEW.cidade IN ('BERIZAL', 'FRANCISCO SÁ', 'NINHEIRA', 'PADRE CARVALHO', 'RIO PARDO DE MINAS', 'SALINAS', 'SÃO JOÃO DO PARAÍSO', 'TAIOBEIRAS', 'VIRGEM DA LAPA') THEN 'TAIOBEIRAS'
                WHEN NEW.cidade IN ('IBIAÍ', 'JEQUITAÍ', 'LASSANCE', 'VÁRZEA DA PALMA') THEN  'VÁRZEA DA PALMA'
                WHEN NEW.cidade IN ('SÃO JOÃO DA PONTE', 'VARZELÂNDIA') THEN  'VARZELÂNDIA'
            END;
    END IF;
END
$$
DELIMITER ;
DELIMITER $$
CREATE TRIGGER `before_insert_plena` BEFORE INSERT ON `notas` FOR EACH ROW BEGIN
    -- Verificar se a operação é "Plena" e o município está na lista correspondente
    IF NEW.fornecedor = 'Plena' AND NEW.cidade IN ('ARACUAI', 'FRANCISCO SA', 'BOCAIUVA', 'CAPELINHA', 'CARBONITA', 'ITAMARANDIBA', 'OLHOS-D''AGUA', 'TURMALINA', 'AUGUSTO DE LIMA', 'BUENOPOLIS', 'CORDISBURGO', 'CORINTO', 'CURVELO', 'PARAOPEBA', 'POMPEU', 'SANTO HIPOLITO', 'BRASILIA DE MINAS', 'CORACAO DE JESUS', 'LUISLANDIA', 'SAO FRANCISCO', 'COUTO DE MAGALHAES DE MINAS', 'DIAMANTINA', 'GOUVEIA', 'JAIBA', 'MONTALVANIA', 'ESPINOSA', 'JANAUBA', 'MATO VERDE', 'MONTE AZUL', 'PORTEIRINHA', 'BONITO DE MINAS', 'ITACARAMBI', 'JANUARIA', 'LONTRA', 'MIRABELA', 'BELO HORIZONTE', 'MONTES CLAROS', 'BURITIZEIRO', 'IBIAI', 'JEQUITAI', 'PIRAPORA', 'RIO PARDO DE MINAS', 'SALINAS', 'SAO JOAO DO PARAISO', 'TAIOBEIRAS', 'VARZEA DA PALMA') THEN
        -- Atualizar o campo "rota" na tabela "notas" com a rota correspondente
        SET NEW.rota =
            CASE
                WHEN NEW.cidade IN ('ARAÇUAI', 'FRANCISCO SA') THEN 'ARAÇUAI'
                WHEN NEW.cidade = 'BOCAIUVA' THEN 'BOCAIUVA'
                WHEN NEW.cidade IN ('CAPELINHA', 'CARBONITA', 'ITAMARANDIBA', 'OLHOS-D''AGUA', 'TURMALINA') THEN 'CAPELINHA'
                WHEN NEW.cidade IN ('AUGUSTO DE LIMA', 'BUENOPOLIS', 'CORDISBURGO', 'CORINTO', 'CURVELO', 'PARAOPEBA', 'POMPEU', 'SANTO HIPOLITO') THEN 'CARRO PLENA'
                WHEN NEW.cidade IN ('BRASILIA DE MINAS', 'CORACAO DE JESUS', 'LUISLANDIA', 'SAO FRANCISCO') THEN 'CORAÇÃO JESUS'
                WHEN NEW.cidade = 'COUTO DE MAGALHAES DE MINAS' THEN 'DIAMANTINA'
                WHEN NEW.cidade = 'GOUVEIA' THEN 'DIAMANTINA'
		WHEN NEW.cidade = 'DIAMANTINA' THEN 'DIAMANTINA'
                WHEN NEW.cidade IN ('JAIBA', 'MONTALVANIA') THEN 'JAIBA'
                WHEN NEW.cidade IN ('ESPINOSA', 'JANAUBA', 'MATO VERDE', 'MONTE AZUL', 'PORTEIRINHA') THEN 'JANAUBA'
                WHEN NEW.cidade IN ('BONITO DE MINAS', 'ITACARAMBI', 'JANUARIA', 'LONTRA', 'MIRABELA') THEN 'JANUARIA'
                WHEN NEW.cidade IN ('BELO HORIZONTE', 'MONTES CLAROS') THEN 
 CASE NEW.bairro
        WHEN 'ZONA RURAL' THEN 'BOCAIUVA'
        WHEN 'PLANALTO RURAL' THEN 'BOCAIUVA'
        WHEN 'BARCELONA PARQUE' THEN 'CENTRO-1'
        WHEN 'BELA VISTA' THEN 'CENTRO-1'
        WHEN 'CIDADE INDUSTRIAL' THEN 'CENTRO-1'
        WHEN 'CONJ.HABITAC.VITORIA II' THEN 'CENTRO-1'
        WHEN 'CONJ HABITAC VITORIA II' THEN 'CENTRO-1'
        WHEN 'JARDIM PANORAMA' THEN 'CENTRO-1'
        WHEN 'CONJ PANORAMA II' THEN 'CENTRO-1'
        WHEN 'CONJUNTO PANORAMA II' THEN 'CENTRO-1'
        WHEN 'DISTRITO INDUSTRIAL' THEN 'CENTRO-1'
        WHEN 'EDGAR PEREIRA' THEN 'CENTRO-1'
        WHEN 'ELDORADO' THEN 'CENTRO-1'
        WHEN 'JARDIM BRASIL' THEN 'CENTRO-1'
        WHEN 'DISTRITO-NOVA ESPERANCA' THEN 'CENTRO-1'
        WHEN 'NOVA ESPERANCA' THEN 'CENTRO-1'
        WHEN 'NOVA MORADA' THEN 'CENTRO-1'
        WHEN 'RESIDENCIAL VITORIA' THEN 'CENTRO-1'
        WHEN 'RIO CEDRO' THEN 'CENTRO-1'
        WHEN 'SANTA EUGENIA' THEN 'CENTRO-1'
        WHEN 'SANTA ROSA DE LIMA' THEN 'CENTRO-1'
        WHEN 'SANTOS REIS' THEN 'CENTRO-1'
        WHEN 'VILA ANTONIO NARCISO' THEN 'CENTRO-1'
        WHEN 'VILA ATLANTIDA' THEN 'CENTRO-1'
        WHEN 'VILA AUREA' THEN 'CENTRO-1'
        WHEN 'VILA BRASILIA' THEN 'CENTRO-1'
        WHEN 'VILA CASTELO BRANCO' THEN 'CENTRO-1'
        WHEN 'VILA PRODACON' THEN 'CENTRO-1'
        WHEN 'VILA SANTA EUGENIA' THEN 'CENTRO-1'
        WHEN 'VILA TONCHEF' THEN 'CENTRO-1'
        WHEN 'ALICE MAIA' THEN 'CENTRO-2'
        WHEN 'ALTO SAO JOAO' THEN 'CENTRO-2'
        WHEN 'CENTRO' THEN 'CENTRO-2'
        WHEN 'FUNCIONARIOS' THEN 'CENTRO-2'
        WHEN 'JARDIM SAO LUIZ' THEN 'CENTRO-2'
        WHEN 'JOAO GORDO' THEN 'CENTRO-2'
        WHEN 'LOURDES' THEN 'CENTRO-2'
        WHEN 'MELO' THEN 'CENTRO-2'
        WHEN 'ROXO VERDE' THEN 'CENTRO-2'
        WHEN 'SAO JOSE' THEN 'CENTRO-2'
        WHEN 'TODOS OS SANTOS' THEN 'CENTRO-2'
        WHEN 'VILA MAURICEIA' THEN  'CENTRO-2'
        WHEN 'VILA OLIVEIRA' THEN  'CENTRO-2'
        WHEN 'VILA REGINA' THEN  'CENTRO-2'
        WHEN 'VILA EXPOSICAO' THEN  'CENTRO-2'
        WHEN 'VILA SANTA MAIRA' THEN  'CENTRO-2'
        WHEN 'ACACIAS' THEN  'DELFINO-1'
        WHEN 'ALCIDES RABELO' THEN  'DELFINO-1'
        WHEN 'ALTO FLORESTA' THEN  'DELFINO-1'
        WHEN 'BELVEDERE' THEN  'DELFINO-1'
        WHEN 'CARMELO' THEN  'DELFINO-1'
        WHEN 'CONJUNTO JK' THEN 'DELFINO-1'
        WHEN 'Conjunto Residencial Jk' THEN 'DELFINO-1'
        WHEN 'ESPLANADA' THEN 'DELFINO-1'
        WHEN 'GUARUJA' THEN 'DELFINO-1'
        WHEN 'INDEPENDENCIA' THEN 'DELFINO-1'
        WHEN 'INTERLAGOS' THEN 'DELFINO-1'
        WHEN 'JARAGUA I' THEN 'DELFINO-1'
        WHEN 'JARAGUA' THEN 'DELFINO-1'
        WHEN 'JARDIM ALEGRE' THEN 'DELFINO-1'
        WHEN 'JARDIM PRIMAVERA' THEN 'DELFINO-1'
        WHEN 'LOTEAMENTO NOVO JARAGUA' THEN 'DELFINO-1'
        WHEN 'LOTEAMENTO RECANTO DAS AGUAS' THEN 'DELFINO-1'
        WHEN 'MONTE CARMELO' THEN 'DELFINO-1'
        WHEN 'MONTE SIAO' THEN 'DELFINO-1'
        WHEN 'MONTE SIAO IV' THEN 'DELFINO-1'
        WHEN 'NOVO JARAGUA' THEN 'DELFINO-1'
        WHEN 'PLANALTO' THEN 'DELFINO-1'
        WHEN 'PORTAL DOS IPES' THEN 'DELFINO-1'
        WHEN 'RENASCENCA' THEN 'DELFINO-1'
        WHEN 'RESIDENCIAL SUL IPES' THEN 'DELFINO-1'
        WHEN 'RESIDENCIAL MONTE SIAO' THEN 'DELFINO-1'
        WHEN 'RESIDIDENCIAL MINAS GERAIS' THEN 'DELFINO-1'
        WHEN 'SANTA LUCIA' THEN 'DELFINO-1'
        WHEN 'SANTOS DUMONT' THEN 'DELFINO-1'
        WHEN 'SAO BENTO' THEN 'DELFINO-1'
        WHEN 'UNIVERSITARIO' THEN 'DELFINO-1'
        WHEN 'VENEZA PARQUE' THEN 'DELFINO-1'
        WHEN 'VILAGE DO LAGO' THEN 'DELFINO-1'
        WHEN 'VILLAGE DO LAGO I' THEN 'DELFINO-1'
        WHEN 'ALTO DA BOA VISTA' THEN 'DELFINO-2'
        WHEN 'ANTONIO PIMENTA' THEN 'DELFINO-2'
        WHEN 'CAMILO PRATES' THEN 'DELFINO-2'
        WHEN 'CINTRA' THEN 'DELFINO-2'
        WHEN 'CINTRA / DELFINO MAGALHAE' THEN 'DELFINO-2'
        WHEN 'DELFINO MAGALHAES' THEN 'DELFINO-2'
        WHEN 'NOVO DELFINO' THEN 'DELFINO-2'
        WHEN 'FRANCISCO PERES' THEN 'DELFINO-2'
        WHEN 'FRANCISCO PERES I' THEN 'DELFINO-2'
        WHEN 'JARDIM ALVORADA' THEN 'DELFINO-2'
        WHEN 'JARDIM OLIMPICO' THEN 'DELFINO-2'
        WHEN 'JARDIM PALMEIRAS' THEN 'DELFINO-2'
        WHEN 'JOSE CARLOS VALE DE LIMA' THEN 'DELFINO-2'
        WHEN 'MARIA CANDIDA' THEN 'DELFINO-2'
        WHEN 'MONTE ALEGRE' THEN 'DELFINO-2'
        WHEN 'MORRINHOS' THEN 'DELFINO-2'
        WHEN 'NOSSA SENHORA DE  FATIMA' THEN 'DELFINO-2'
        WHEN 'SANTA RAFAELA' THEN 'DELFINO-2'
        WHEN 'SANTA RITA' THEN 'DELFINO-2'
        WHEN 'SANTA RITA I' THEN 'DELFINO-2'
        WHEN 'SANTA RITA II' THEN 'DELFINO-2'
        WHEN 'SANTO ANTONIO' THEN 'DELFINO-2'
        WHEN 'SANTO INACIO' THEN 'DELFINO-2'
        WHEN 'SANTO IN' THEN 'DELFINO-2'
        WHEN 'SION' THEN 'DELFINO-2'
        WHEN 'VERA CRUZ' THEN 'DELFINO-2'
	WHEN 'VILA ANALIA' THEN 'DELFINO-2'
                    WHEN 'VILA IPIRANGA' THEN 'DELFINO-2'
                    WHEN 'VILA MARIA CANDIDA' THEN 'DELFINO-2'
                    WHEN 'VILA NAZARE' THEN'DELFINO-2'
                    WHEN 'VILA NAZARETH' THEN 'DELFINO-2'
                    WHEN 'VILA SION' THEN 'DELFINO-2'
                    WHEN 'VILA SUMARE' THEN'DELFINO-2'
                    WHEN 'VILA TELMA' THEN 'DELFINO-2'
                    WHEN 'AUGUSTA MOTA' THEN 'MAJOR-1'
                    WHEN 'Augusto Mota' THEN 'MAJOR-1'
                    WHEN 'CANDIDA CAMARA' THEN 'MAJOR-1'
                    WHEN 'CANELA' THEN 'MAJOR-1'
                    WHEN 'CANELAS' THEN 'MAJOR-1'
                    WHEN 'CIDADE NOVA' THEN 'MAJOR-1'
                    WHEN 'DOS CANELAS' THEN 'MAJOR-1'
                    WHEN 'FUNCIONARIOS' THEN 'MAJOR-1'
                    WHEN 'IBITURUNA' THEN 'MAJOR-1'
                    WHEN 'JARDIM LIBERDADE' THEN 'MAJOR-1'
                    WHEN 'JARDIM SAO GERALDO' THEN 'MAJOR-1'
                    WHEN 'JARDIM SAO GERALDO II' THEN 'MAJOR-1'
                    WHEN 'KM 14' THEN 'MAJOR-1'
                    WHEN 'MAJOR PRATES' THEN 'MAJOR-1'
                    WHEN 'MORADA DA SERRA' THEN 'MAJOR-1'
                    WHEN 'MORADA DO PARQUE' THEN 'MAJOR-1'
                    WHEN 'MORADA DO SOL' THEN 'MAJOR-1'
                    WHEN 'SAGRADA FAMILIA' THEN 'MAJOR-1'
                    WHEN 'SANTO EXPEDITO' THEN 'MAJOR-1'
                    WHEN 'SAO GERALDO' THEN 'MAJOR-1'
                    WHEN 'SAO GERALDO' THEN 'MAJOR-1'
                    WHEN 'SAO GERALDO II' THEN 'MAJOR-1'
                    WHEN 'VARGEM GRANDE' THEN 'MAJOR-1'
                    WHEN 'VILA GUILHERMINA' THEN 'MAJOR-1'
                    WHEN 'VILA LUISA' THEN 'MAJOR-1'
                    WHEN 'VILA LUIZA' THEN 'MAJOR-1'
                    WHEN 'ALTEROSAS' THEN 'MAJOR-2'
                    WHEN 'CONJUNTO CHIQUINHO GUIMARAES' THEN 'MAJOR-2'
                    WHEN 'Conjunto Ciro dos Anjos' THEN 'MAJOR-2'
                    WHEN 'CONJUNTO CRISTO REI' THEN 'MAJOR-2'
                    WHEN 'CONJUNTO JOAQUIM COSTA' THEN 'MAJOR-2'
                    WHEN 'DOS MANGUES' THEN 'MAJOR-2'
                    WHEN 'DR. JOAO ALVES' THEN 'MAJOR-2'
                    WHEN 'JOAO ALVES' THEN 'MAJOR-2'
                    WHEN 'JOSE CORREA  MACHADO' THEN 'MAJOR-2'
                    WHEN 'MARACANA' THEN 'MAJOR-2'
                    WHEN 'RESIDENCIAL SUL IPES' THEN 'MAJOR-2'
                    WHEN 'SAO JUDAS' THEN 'MAJOR-2'
                    WHEN 'SAO JUDAS TADEU' THEN 'MAJOR-2'
                    WHEN 'Sao Judas Tadeu I' THEN 'MAJOR-2'
                    WHEN 'VILA CAMPOS' THEN 'MAJOR-2'
                    WHEN 'VILA GREICE' THEN 'MAJOR-2'
                    END
                WHEN NEW.cidade IN ('BURITIZEIRO', 'IBIAI', 'JEQUITAI', 'PIRAPORA') THEN 'PIRAPORA'
                WHEN NEW.cidade = 'VARZEA DA PALMA' THEN 'VARZEA DA PALMA'
                WHEN NEW.cidade IN ('RIO PARDO DE MINAS', 'SALINAS', 'SAO JOAO DO PARAISO', 'TAIOBEIRAS') THEN 'TAIOBEIRAS'
            END;
    END IF;
END
$$
DELIMITER ;
DELIMITER $$
CREATE TRIGGER `before_insert_suinco` BEFORE INSERT ON `notas` FOR EACH ROW BEGIN
    -- Verificar se a operação é "Plena" e o município está na lista correspondente
    IF NEW.fornecedor = 'Suinco' AND NEW.cidade IN ('Angelândia', 'Aricanduva', 'Capelinha', 'Chapada do Norte', 'Itamarandiba', 'Minas Novas', 'Olhos-d''Água', 'Turmalina', 'Veredinha', 'Augusto de Lima', 'Bocaiúva', 'Buenópolis', 'Corinto', 'Curvelo', 'Datas', 'Engenheiro Navarro', 'Francisco Dumont', 'Guaraciama', 'Inimutaba', 'Joaquim Felício', 'Morro da Garça', 'Couto de Magalhães de Min', 'Diamantina', 'Gouveia', 'São Gonçalo do Rio Preto', 'Jaíba', 'Juvenília', 'Manga', 'Matias Cardoso', 'Miravânia', 'Montalvânia', 'Verdelândia', 'Capitão Enéas', 'Catuti', 'Espinosa', 'Gameleiras', 'Janaúba', 'Mamonas', 'Mato Verde', 'Monte Azul', 'Montezuma', 'Pai Pedro', 'Porteirinha', 'Riacho dos Machados', 'Serranópolis de Minas', 'Bonito de Minas', 'Brasília de Minas', 'Campo Azul', 'Cônego Marinho', 'Coração de Jesus', 'Icaraí de Minas', 'Itacarambi', 'Januária', 'Japonvar', 'Lontra', 'Luislândia', 'Mirabela', 'Pedras de Maria da Cruz', 'Ponto Chique', 'São Francisco', 'São João da Lagoa', 'São João do Pacuí', 'São Romão', 'Ubaí', 'Glaucilândia', 'Itacambira', 'Juramento', 'Montes Claros', 'Buritizeiro', 'Claro dos Poções', 'Ibiaí', 'Jequitaí', 'Pirapora', 'Várzea da Palma', 'Ibiracatu', 'São João da Ponte', 'Varzelândia', 'Araçuaí', 'Berilo', 'Botumirim', 'Cristália', 'Francisco Sá', 'Grão Mogol', 'Indaiabira', 'Ninheira', 'Rio Pardo de Minas', 'Salinas', 'São João do Paraíso', 'Taiobeiras') THEN
        -- Atualizar o campo "rota" na tabela "notas" com a rota correspondente
        SET NEW.rota =
            CASE
                WHEN NEW.cidade IN ('Angelândia', 'Aricanduva', 'Capelinha', 'Chapada do Norte', 'Itamarandiba', 'Minas Novas', 'Olhos-d''Água', 'Turmalina', 'Veredinha') THEN 'Capelinha'
                WHEN NEW.cidade IN ('Augusto de Lima', 'Bocaiúva', 'Buenópolis', 'Corinto', 'Curvelo', 'Datas', 'Engenheiro Navarro', 'Francisco Dumont', 'Guaraciama', 'Inimutaba', 'Joaquim Felício', 'Morro da Garça') THEN 'Curvelo'
                WHEN NEW.cidade IN ('Couto de Magalhães de Min', 'Diamantina', 'Gouveia', 'São Gonçalo do Rio Preto') THEN 'Diamantina'
                WHEN NEW.cidade IN ('Jaíba', 'Juvenília', 'Manga', 'Matias Cardoso', 'Miravânia', 'Montalvânia', 'Verdelândia') THEN 'Jaíba'
                WHEN NEW.cidade IN ('Capitão Enéas', 'Catuti', 'Espinosa', 'Gameleiras', 'Janaúba', 'Mamonas', 'Mato Verde', 'Monte Azul', 'Montezuma', 'Pai Pedro', 'Porteirinha', 'Riacho dos Machados', 'Serranópolis de Minas') THEN 'Janaúba'
                WHEN NEW.cidade IN ('Bonito de Minas', 'Brasília de Minas', 'Campo Azul', 'Cônego Marinho', 'Coração de Jesus', 'Icaraí de Minas', 'Itacarambi', 'Januária', 'Japonvar', 'Lontra', 'Luislândia', 'Mirabela', 'Pedras de Maria da Cruz', 'Ponto Chique', 'São Francisco', 'São João da Lagoa', 'São João do Pacuí', 'São Romão', 'Ubaí') THEN 'Januária'
                WHEN NEW.cidade IN ('Glaucilândia', 'Itacambira', 'Juramento') THEN 'Montes Claros'
		WHEN NEW.cidade IN ( 'Montes Claros') THEN
		 CASE NEW.bairro
        WHEN 'ZONA RURAL' THEN 'BOCAIUVA'
        WHEN 'PLANALTO RURAL' THEN 'BOCAIUVA'
        WHEN 'BARCELONA PARQUE' THEN 'CENTRO-1'
        WHEN 'BELA VISTA' THEN 'CENTRO-1'
        WHEN 'CIDADE INDUSTRIAL' THEN 'CENTRO-1'
        WHEN 'CONJ.HABITAC.VITORIA II' THEN 'CENTRO-1'
        WHEN 'CONJ HABITAC VITORIA II' THEN 'CENTRO-1'
        WHEN 'JARDIM PANORAMA' THEN 'CENTRO-1'
        WHEN 'CONJ PANORAMA II' THEN 'CENTRO-1'
        WHEN 'CONJUNTO PANORAMA II' THEN 'CENTRO-1'
        WHEN 'DISTRITO INDUSTRIAL' THEN 'CENTRO-1'
        WHEN 'EDGAR PEREIRA' THEN 'CENTRO-1'
        WHEN 'ELDORADO' THEN 'CENTRO-1'
        WHEN 'JARDIM BRASIL' THEN 'CENTRO-1'
        WHEN 'DISTRITO-NOVA ESPERANCA' THEN 'CENTRO-1'
        WHEN 'NOVA ESPERANCA' THEN 'CENTRO-1'
        WHEN 'NOVA MORADA' THEN 'CENTRO-1'
        WHEN 'RESIDENCIAL VITORIA' THEN 'CENTRO-1'
        WHEN 'RIO CEDRO' THEN 'CENTRO-1'
        WHEN 'SANTA EUGENIA' THEN 'CENTRO-1'
        WHEN 'SANTA ROSA DE LIMA' THEN 'CENTRO-1'
        WHEN 'SANTOS REIS' THEN 'CENTRO-1'
        WHEN 'VILA ANTONIO NARCISO' THEN 'CENTRO-1'
        WHEN 'VILA ATLANTIDA' THEN 'CENTRO-1'
        WHEN 'VILA AUREA' THEN 'CENTRO-1'
        WHEN 'VILA BRASILIA' THEN 'CENTRO-1'
        WHEN 'VILA CASTELO BRANCO' THEN 'CENTRO-1'
        WHEN 'VILA PRODACON' THEN 'CENTRO-1'
        WHEN 'VILA SANTA EUGENIA' THEN 'CENTRO-1'
        WHEN 'VILA TONCHEF' THEN 'CENTRO-1'
        WHEN 'ALICE MAIA' THEN 'CENTRO-2'
        WHEN 'ALTO SAO JOAO' THEN 'CENTRO-2'
        WHEN 'CENTRO' THEN 'CENTRO-2'
        WHEN 'FUNCIONARIOS' THEN 'CENTRO-2'
        WHEN 'JARDIM SAO LUIZ' THEN 'CENTRO-2'
        WHEN 'JOAO GORDO' THEN 'CENTRO-2'
        WHEN 'LOURDES' THEN 'CENTRO-2'
        WHEN 'MELO' THEN 'CENTRO-2'
        WHEN 'ROXO VERDE' THEN 'CENTRO-2'
        WHEN 'SAO JOSE' THEN 'CENTRO-2'
        WHEN 'TODOS OS SANTOS' THEN 'CENTRO-2'
        WHEN 'VILA MAURICEIA' THEN  'CENTRO-2'
        WHEN 'VILA OLIVEIRA' THEN  'CENTRO-2'
        WHEN 'VILA REGINA' THEN  'CENTRO-2'
        WHEN 'VILA EXPOSICAO' THEN  'CENTRO-2'
        WHEN 'VILA SANTA MAIRA' THEN  'CENTRO-2'
        WHEN 'ACACIAS' THEN  'DELFINO-1'
        WHEN 'ALCIDES RABELO' THEN  'DELFINO-1'
        WHEN 'ALTO FLORESTA' THEN  'DELFINO-1'
        WHEN 'BELVEDERE' THEN  'DELFINO-1'
        WHEN 'CARMELO' THEN  'DELFINO-1'
        WHEN 'CONJUNTO JK' THEN 'DELFINO-1'
        WHEN 'Conjunto Residencial Jk' THEN 'DELFINO-1'
        WHEN 'ESPLANADA' THEN 'DELFINO-1'
        WHEN 'GUARUJA' THEN 'DELFINO-1'
        WHEN 'INDEPENDENCIA' THEN 'DELFINO-1'
        WHEN 'INTERLAGOS' THEN 'DELFINO-1'
        WHEN 'JARAGUA I' THEN 'DELFINO-1'
        WHEN 'JARAGUA' THEN 'DELFINO-1'
        WHEN 'JARDIM ALEGRE' THEN 'DELFINO-1'
        WHEN 'JARDIM PRIMAVERA' THEN 'DELFINO-1'
        WHEN 'LOTEAMENTO NOVO JARAGUA' THEN 'DELFINO-1'
        WHEN 'LOTEAMENTO RECANTO DAS AGUAS' THEN 'DELFINO-1'
        WHEN 'MONTE CARMELO' THEN 'DELFINO-1'
        WHEN 'MONTE SIAO' THEN 'DELFINO-1'
        WHEN 'MONTE SIAO IV' THEN 'DELFINO-1'
        WHEN 'NOVO JARAGUA' THEN 'DELFINO-1'
        WHEN 'PLANALTO' THEN 'DELFINO-1'
        WHEN 'PORTAL DOS IPES' THEN 'DELFINO-1'
        WHEN 'RENASCENCA' THEN 'DELFINO-1'
        WHEN 'RESIDENCIAL SUL IPES' THEN 'DELFINO-1'
        WHEN 'RESIDENCIAL MONTE SIAO' THEN 'DELFINO-1'
        WHEN 'RESIDIDENCIAL MINAS GERAIS' THEN 'DELFINO-1'
        WHEN 'SANTA LUCIA' THEN 'DELFINO-1'
        WHEN 'SANTOS DUMONT' THEN 'DELFINO-1'
        WHEN 'SAO BENTO' THEN 'DELFINO-1'
        WHEN 'UNIVERSITARIO' THEN 'DELFINO-1'
        WHEN 'VENEZA PARQUE' THEN 'DELFINO-1'
        WHEN 'VILAGE DO LAGO' THEN 'DELFINO-1'
        WHEN 'VILLAGE DO LAGO I' THEN 'DELFINO-1'
        WHEN 'ALTO DA BOA VISTA' THEN 'DELFINO-2'
        WHEN 'ANTONIO PIMENTA' THEN 'DELFINO-2'
        WHEN 'CAMILO PRATES' THEN 'DELFINO-2'
        WHEN 'CINTRA' THEN 'DELFINO-2'
        WHEN 'CINTRA / DELFINO MAGALHAE' THEN 'DELFINO-2'
        WHEN 'DELFINO MAGALHAES' THEN 'DELFINO-2'
        WHEN 'NOVO DELFINO' THEN 'DELFINO-2'
        WHEN 'FRANCISCO PERES' THEN 'DELFINO-2'
        WHEN 'FRANCISCO PERES I' THEN 'DELFINO-2'
        WHEN 'JARDIM ALVORADA' THEN 'DELFINO-2'
        WHEN 'JARDIM OLIMPICO' THEN 'DELFINO-2'
        WHEN 'JARDIM PALMEIRAS' THEN 'DELFINO-2'
        WHEN 'JOSE CARLOS VALE DE LIMA' THEN 'DELFINO-2'
        WHEN 'MARIA CANDIDA' THEN 'DELFINO-2'
        WHEN 'MONTE ALEGRE' THEN 'DELFINO-2'
        WHEN 'MORRINHOS' THEN 'DELFINO-2'
        WHEN 'NOSSA SENHORA DE  FATIMA' THEN 'DELFINO-2'
        WHEN 'SANTA RAFAELA' THEN 'DELFINO-2'
        WHEN 'SANTA RITA' THEN 'DELFINO-2'
        WHEN 'SANTA RITA I' THEN 'DELFINO-2'
        WHEN 'SANTA RITA II' THEN 'DELFINO-2'
        WHEN 'SANTO ANTONIO' THEN 'DELFINO-2'
        WHEN 'SANTO INACIO' THEN 'DELFINO-2'
        WHEN 'SANTO IN' THEN 'DELFINO-2'
        WHEN 'SION' THEN 'DELFINO-2'
        WHEN 'VERA CRUZ' THEN 'DELFINO-2'
	WHEN 'VILA ANALIA' THEN 'DELFINO-2'
                    WHEN 'VILA IPIRANGA' THEN 'DELFINO-2'
                    WHEN 'VILA MARIA CANDIDA' THEN 'DELFINO-2'
                    WHEN 'VILA NAZARE' THEN'DELFINO-2'
                    WHEN 'VILA NAZARETH' THEN 'DELFINO-2'
                    WHEN 'VILA SION' THEN 'DELFINO-2'
                    WHEN 'VILA SUMARE' THEN'DELFINO-2'
                    WHEN 'VILA TELMA' THEN 'DELFINO-2'
                    WHEN 'AUGUSTA MOTA' THEN 'MAJOR-1'
                    WHEN 'Augusto Mota' THEN 'MAJOR-1'
                    WHEN 'CANDIDA CAMARA' THEN 'MAJOR-1'
                    WHEN 'CANELA' THEN 'MAJOR-1'
                    WHEN 'CANELAS' THEN 'MAJOR-1'
                    WHEN 'CIDADE NOVA' THEN 'MAJOR-1'
                    WHEN 'DOS CANELAS' THEN 'MAJOR-1'
                    WHEN 'FUNCIONARIOS' THEN 'MAJOR-1'
                    WHEN 'IBITURUNA' THEN 'MAJOR-1'
                    WHEN 'JARDIM LIBERDADE' THEN 'MAJOR-1'
                    WHEN 'JARDIM SAO GERALDO' THEN 'MAJOR-1'
                    WHEN 'JARDIM SAO GERALDO II' THEN 'MAJOR-1'
                    WHEN 'KM 14' THEN 'MAJOR-1'
                    WHEN 'MAJOR PRATES' THEN 'MAJOR-1'
                    WHEN 'MORADA DA SERRA' THEN 'MAJOR-1'
                    WHEN 'MORADA DO PARQUE' THEN 'MAJOR-1'
                    WHEN 'MORADA DO SOL' THEN 'MAJOR-1'
                    WHEN 'SAGRADA FAMILIA' THEN 'MAJOR-1'
                    WHEN 'SANTO EXPEDITO' THEN 'MAJOR-1'
                    WHEN 'SAO GERALDO' THEN 'MAJOR-1'
                    WHEN 'SAO GERALDO' THEN 'MAJOR-1'
                    WHEN 'SAO GERALDO II' THEN 'MAJOR-1'
                    WHEN 'VARGEM GRANDE' THEN 'MAJOR-1'
                    WHEN 'VILA GUILHERMINA' THEN 'MAJOR-1'
                    WHEN 'VILA LUISA' THEN 'MAJOR-1'
                    WHEN 'VILA LUIZA' THEN 'MAJOR-1'
                    WHEN 'ALTEROSAS' THEN 'MAJOR-2'
                    WHEN 'CONJUNTO CHIQUINHO GUIMARAES' THEN 'MAJOR-2'
                    WHEN 'Conjunto Ciro dos Anjos' THEN 'MAJOR-2'
                    WHEN 'CONJUNTO CRISTO REI' THEN 'MAJOR-2'
                    WHEN 'CONJUNTO JOAQUIM COSTA' THEN 'MAJOR-2'
                    WHEN 'DOS MANGUES' THEN 'MAJOR-2'
                    WHEN 'DR. JOAO ALVES' THEN 'MAJOR-2'
                    WHEN 'JOAO ALVES' THEN 'MAJOR-2'
                    WHEN 'JOSE CORREA  MACHADO' THEN 'MAJOR-2'
                    WHEN 'MARACANA' THEN 'MAJOR-2'
                    WHEN 'RESIDENCIAL SUL IPES' THEN 'MAJOR-2'
                    WHEN 'SAO JUDAS' THEN 'MAJOR-2'
                    WHEN 'SAO JUDAS TADEU' THEN 'MAJOR-2'
                    WHEN 'Sao Judas Tadeu I' THEN 'MAJOR-2'
                    WHEN 'VILA CAMPOS' THEN 'MAJOR-2'
                    WHEN 'VILA GREICE' THEN 'MAJOR-2'
                    END
                WHEN NEW.cidade IN ('Buritizeiro', 'Claro dos Poções', 'Ibiaí', 'Jequitaí', 'Pirapora', 'Várzea da Palma') THEN 'Pirapora'
                WHEN NEW.cidade IN ('Ibiracatu', 'São João da Ponte', 'Varzelândia') THEN 'São João da Ponte'
                WHEN NEW.cidade IN ('Araçuaí', 'Berilo', 'Botumirim', 'Cristália', 'Francisco Sá', 'Grão Mogol', 'Indaiabira', 'Ninheira', 'Rio Pardo de Minas', 'Salinas', 'São João do Paraíso', 'Taiobeiras') THEN 'Taiobeiras'
            END;
    END IF;
END
$$
DELIMITER ;

-- --------------------------------------------------------

--
-- Estrutura para tabela `plena_notas`
--

CREATE TABLE `plena_notas` (
  `fk_notas_n_nota` varchar(14) NOT NULL,
  `n_caixas` smallint(6) DEFAULT NULL,
  `sequencia` int(4) DEFAULT NULL,
  `Carga` int(9) DEFAULT NULL
) ENGINE=InnoDB DEFAULT CHARSET=utf8mb4 COLLATE=utf8mb4_general_ci;

-- --------------------------------------------------------

--
-- Estrutura para tabela `produtos`
--

CREATE TABLE `produtos` (
  `cod` varchar(12) NOT NULL,
  `descricao` varchar(30) NOT NULL,
  `nf` int(12) NOT NULL,
  `quantidade` float NOT NULL,
  `unidade` varchar(4) NOT NULL,
  `QuantAux` int(4) DEFAULT NULL,
  `UnidadeAuxiliar` varchar(4) DEFAULT NULL,
  `data_producao` date DEFAULT NULL,
  `data_validade` date DEFAULT NULL,
  `cod_especifico` int(6) DEFAULT NULL,
  `item_alterado` varchar(1) DEFAULT NULL
) ENGINE=InnoDB DEFAULT CHARSET=utf8mb4 COLLATE=utf8mb4_general_ci;

--
-- Despejando dados para a tabela `produtos`
--

INSERT INTO `produtos` (`cod`, `descricao`, `nf`, `quantidade`, `unidade`, `QuantAux`, `UnidadeAuxiliar`, `data_producao`, `data_validade`, `cod_especifico`, `item_alterado`) VALUES
('108', 'CARNE CONG DE SUINO COM OSSO -', 515697, 9.962, 'KG', 1, 'CX', '2025-01-07', '2026-01-07', NULL, 'S'),
('108-2494', 'CARNE CONG DE SUINO COM OSSO -', 515697, 9.962, 'kg', 1, NULL, '2025-01-07', '2026-01-07', 2494, NULL),
('110', 'CARNE CONG DE SUINO COM OSSO -', 515704, 59.316, 'KG', 3, 'CX', '2024-12-14', '2025-12-14', NULL, 'S'),
('110', 'CARNE CONG DE SUINO COM OSSO -', 515705, 19.282, 'KG', 1, 'CX', '2024-12-14', '2025-12-14', NULL, 'S'),
('110', 'CARNE CONG DE SUINO COM OSSO -', 515707, 39.789, 'KG', 2, 'CX', '2024-12-14', '2025-12-14', NULL, 'S'),
('110-0664', 'CARNE CONG DE SUINO COM OSSO -', 515707, 19.622, 'kg', 1, NULL, '2024-12-14', '2025-12-14', 664, NULL),
('110-1807', 'CARNE CONG DE SUINO COM OSSO -', 515705, 19.282, 'kg', 1, NULL, '2024-12-14', '2025-12-14', 1807, NULL),
('110-7179', 'CARNE CONG DE SUINO COM OSSO -', 515704, 20.307, 'kg', 1, NULL, '2024-12-14', '2025-12-14', 7179, NULL),
('110-9173', 'CARNE CONG DE SUINO COM OSSO -', 515704, 18.767, 'kg', 1, NULL, '2024-12-14', '2025-12-14', 9173, NULL),
('110-9296', 'CARNE CONG DE SUINO COM OSSO -', 515704, 20.242, 'kg', 1, NULL, '2024-12-14', '2025-12-14', 9296, NULL),
('110-9357', 'CARNE CONG DE SUINO COM OSSO -', 515707, 20.167, 'kg', 1, NULL, '2024-12-14', '2025-12-14', 9357, NULL),
('11062', 'CARNE DE FRANGO EMPANADA CONG ', 515664, 3.6, 'KG', 1, 'CX', '2024-12-16', '2025-06-14', NULL, NULL),
('11062', 'CARNE DE FRANGO EMPANADA CONG ', 515680, 3.6, 'KG', 1, 'CX', '2024-12-16', '2025-06-14', NULL, NULL),
('11063', 'CARNE DE FRANGO EMPANADA CONG ', 515656, 4.4, 'KG', 1, 'CX', '2025-01-02', '2025-07-01', NULL, NULL),
('11063', 'CARNE DE FRANGO EMPANADA CONG ', 515707, 4.4, 'KG', 1, 'CX', '2025-01-02', '2025-07-01', NULL, NULL),
('11063', 'CARNE DE FRANGO EMPANADA CONG ', 515730, 8.8, 'KG', 2, 'CX', '2025-01-02', '2025-07-01', NULL, NULL),
('11063', 'CARNE DE FRANGO EMPANADA CONG ', 515731, 4.4, 'KG', 1, 'CX', '2025-01-02', '2025-07-01', NULL, NULL),
('11063', 'CARNE DE FRANGO EMPANADA CONG ', 515737, 4.4, 'KG', 1, 'CX', '2025-01-02', '2025-07-01', NULL, NULL),
('11063', 'CARNE DE FRANGO EMPANADA CONG ', 515739, 4.4, 'KG', 1, 'CX', '2025-01-02', '2025-07-01', NULL, NULL),
('11064', 'CARNE DE FRANGO EMPANADO CONG ', 515622, 8.8, 'KG', 2, 'CX', '2025-01-06', '2025-07-05', NULL, NULL),
('11064', 'CARNE DE FRANGO EMPANADO CONG ', 515664, 4.4, 'KG', 1, 'CX', '2025-01-06', '2025-07-05', NULL, NULL),
('11064', 'CARNE DE FRANGO EMPANADO CONG ', 515676, 4.4, 'KG', 1, 'CX', '2025-01-06', '2025-07-05', NULL, NULL),
('11066', 'FILE PEITO FRANGO EMPANADO ASS', 515637, 4.4, 'KG', 1, 'CX', '2024-11-08', '2025-05-07', NULL, NULL),
('11068', 'CARNE DE FRANGO EMPANADA CONG ', 515637, 3.6, 'KG', 1, 'CX', '2025-01-08', '2025-07-07', NULL, NULL),
('11068', 'CARNE DE FRANGO EMPANADA CONG ', 515664, 3.6, 'KG', 1, 'CX', '2025-01-08', '2025-07-07', NULL, NULL),
('11068', 'CARNE DE FRANGO EMPANADA CONG ', 515680, 3.6, 'KG', 1, 'CX', '2025-01-08', '2025-07-07', NULL, NULL),
('11068', 'CARNE DE FRANGO EMPANADA CONG ', 515688, 3.6, 'KG', 1, 'CX', '2025-01-08', '2025-07-07', NULL, NULL),
('11069', 'CARNE DE FRANGO EMPANADA CONG ', 515615, 22, 'KG', 5, 'CX', '2025-01-13', '2025-07-12', NULL, NULL),
('11069', 'CARNE DE FRANGO EMPANADA CONG ', 515665, 4.4, 'KG', 1, 'CX', '2025-01-13', '2025-07-12', NULL, NULL),
('11069', 'CARNE DE FRANGO EMPANADA CONG ', 515707, 4.4, 'KG', 1, 'CX', '2025-01-13', '2025-07-12', NULL, NULL),
('11069', 'CARNE DE FRANGO EMPANADA CONG ', 515724, 8.8, 'KG', 2, 'CX', '2025-01-13', '2025-07-12', NULL, NULL),
('11069', 'CARNE DE FRANGO EMPANADA CONG ', 515728, 8.8, 'KG', 2, 'CX', '2025-01-13', '2025-07-12', NULL, NULL),
('11069', 'CARNE DE FRANGO EMPANADA CONG ', 515729, 8.8, 'KG', 2, 'CX', '2025-01-13', '2025-07-12', NULL, NULL),
('11069', 'CARNE DE FRANGO EMPANADA CONG ', 515730, 13.2, 'KG', 3, 'CX', '2025-01-13', '2025-07-12', NULL, NULL),
('11069', 'CARNE DE FRANGO EMPANADA CONG ', 515731, 4.4, 'KG', 1, 'CX', '2025-01-13', '2025-07-12', NULL, NULL),
('11069', 'CARNE DE FRANGO EMPANADA CONG ', 515737, 4.4, 'KG', 1, 'CX', '2025-01-13', '2025-07-12', NULL, NULL),
('11069', 'CARNE DE FRANGO EMPANADA CONG ', 515738, 8.8, 'KG', 2, 'CX', '2025-01-13', '2025-07-12', NULL, NULL),
('11069', 'CARNE DE FRANGO EMPANADA CONG ', 515739, 8.8, 'KG', 2, 'CX', '2025-01-13', '2025-07-12', NULL, NULL),
('11070', 'CARNE DE FRANGO EMPANADA CONG ', 515602, 36, 'KG', 10, 'CX', '2024-11-20', '2025-05-19', NULL, NULL),
('11070', 'CARNE DE FRANGO EMPANADA CONG ', 515680, 3.6, 'KG', 1, 'CX', '2024-11-20', '2025-05-19', NULL, NULL),
('11071', 'FILEZINHO DE FRANGO EMPANADO C', 515672, 6, 'KG', 2, 'CX', '2024-12-20', '2025-06-18', NULL, NULL),
('11072', 'CARNE DE FRANGO EMPANADA CONG ', 515707, 4.4, 'KG', 1, 'CX', '2025-01-08', '2025-07-07', NULL, NULL),
('11073', 'CARNE DE FRANGO EMPANADO CONG ', 515638, 12, 'KG', 2, 'CX', '2024-11-21', '2025-05-20', NULL, NULL),
('11073', 'CARNE DE FRANGO EMPANADO CONG ', 515710, 6, 'KG', 1, 'CX', '2024-11-21', '2025-05-20', NULL, NULL),
('11073', 'CARNE DE FRANGO EMPANADO CONG ', 515716, 6, 'KG', 1, 'CX', '2024-11-21', '2025-05-20', NULL, NULL),
('11077', 'CARNE DE FRANGO EMPANADA CONG ', 515688, 10.8, 'KG', 3, 'CX', '2024-10-14', '2025-04-12', NULL, NULL),
('11081', 'CARNE DE FRANGO EMPANADO CONG ', 515717, 4.4, 'KG', 1, 'CX', '2024-11-05', '2025-05-04', NULL, NULL),
('11081', 'CARNE DE FRANGO EMPANADO CONG ', 515728, 4.4, 'KG', 1, 'CX', '2024-12-26', '2025-06-24', NULL, NULL),
('11081', 'CARNE DE FRANGO EMPANADO CONG ', 515729, 4.4, 'KG', 1, 'CX', '2024-12-26', '2025-06-24', NULL, NULL),
('11081', 'CARNE DE FRANGO EMPANADO CONG ', 515730, 4.4, 'KG', 1, 'CX', '2024-12-26', '2025-06-24', NULL, NULL),
('11081', 'CARNE DE FRANGO EMPANADO CONG ', 515731, 4.4, 'KG', 1, 'CX', '2024-12-26', '2025-06-24', NULL, NULL),
('11081', 'CARNE DE FRANGO EMPANADO CONG ', 515737, 4.4, 'KG', 1, 'CX', '2024-12-26', '2025-06-24', NULL, NULL),
('11081', 'CARNE DE FRANGO EMPANADO CONG ', 515738, 4.4, 'KG', 1, 'CX', '2024-12-26', '2025-06-24', NULL, NULL),
('11081', 'CARNE DE FRANGO EMPANADO CONG ', 515739, 4.4, 'KG', 1, 'CX', '2024-12-26', '2025-06-24', NULL, NULL),
('11151', 'CARNE DE FRANGO EMPANADO ASSAD', 515589, 150, 'KG', 50, 'CX', '2024-12-17', '2025-06-15', NULL, NULL),
('11151', 'CARNE DE FRANGO EMPANADO ASSAD', 515622, 12, 'KG', 4, 'CX', '2024-12-17', '2025-06-15', NULL, NULL),
('11151', 'CARNE DE FRANGO EMPANADO ASSAD', 515624, 6, 'KG', 2, 'CX', '2024-12-17', '2025-06-15', NULL, NULL),
('11151', 'CARNE DE FRANGO EMPANADO ASSAD', 515704, 3, 'KG', 1, 'CX', '2024-12-17', '2025-06-15', NULL, NULL),
('11151', 'CARNE DE FRANGO EMPANADO ASSAD', 515705, 6, 'KG', 2, 'CX', '2024-12-17', '2025-06-15', NULL, NULL),
('11151', 'CARNE DE FRANGO EMPANADO ASSAD', 515706, 9, 'KG', 3, 'CX', '2024-12-17', '2025-06-15', NULL, NULL),
('11151', 'CARNE DE FRANGO EMPANADO ASSAD', 515710, 6, 'KG', 2, 'CX', '2024-12-17', '2025-06-15', NULL, NULL),
('11351', 'PEITO DE FRANGO EMPANADO ASSAD', 515575, 30, 'KG', 10, 'CX', '2025-01-18', '2025-07-17', NULL, NULL),
('11351', 'PEITO DE FRANGO EMPANADO ASSAD', 515645, 3, 'KG', 1, 'CX', '2025-01-18', '2025-07-17', NULL, NULL),
('1299', 'CARNE CONG DE SUINO COM OSSO -', 515651, 8.7, 'KG', 1, 'CX', '2024-12-28', '2025-12-28', NULL, 'S'),
('1299', 'CARNE CONG DE SUINO COM OSSO -', 515661, 17.58, 'KG', 2, 'CX', '2024-12-28', '2025-12-28', NULL, 'S'),
('1299', 'CARNE CONG DE SUINO COM OSSO -', 515679, 26.325, 'KG', 3, 'CX', '2024-12-28', '2025-12-28', NULL, 'S'),
('1299', 'CARNE CONG DE SUINO COM OSSO -', 515697, 8.73, 'KG', 1, 'CX', '2024-12-28', '2025-12-28', NULL, 'S'),
('1299-5766', 'CARNE CONG DE SUINO COM OSSO -', 515661, 8.785, 'kg', 1, NULL, '2024-12-28', '2025-12-28', 5766, NULL),
('1299-6220', 'CARNE CONG DE SUINO COM OSSO -', 515651, 8.7, 'kg', 1, NULL, '2024-12-28', '2025-12-28', 6220, NULL),
('1299-6329', 'CARNE CONG DE SUINO COM OSSO -', 515697, 8.73, 'kg', 1, NULL, '2024-12-28', '2025-12-28', 6329, NULL),
('1299-7336', 'CARNE CONG DE SUINO COM OSSO -', 515679, 8.795, 'kg', 1, NULL, '2024-12-28', '2025-12-28', 7336, NULL),
('1299-7954', 'CARNE CONG DE SUINO COM OSSO -', 515679, 8.73, 'kg', 1, NULL, '2024-12-28', '2025-12-28', 7954, NULL),
('1299-8357', 'CARNE CONG DE SUINO COM OSSO -', 515679, 8.8, 'kg', 1, NULL, '2024-12-28', '2025-12-28', 8357, NULL),
('1299-9279', 'CARNE CONG DE SUINO COM OSSO -', 515661, 8.795, 'kg', 1, NULL, '2024-12-28', '2025-12-28', 9279, NULL),
('13165', 'CARNE CONG DE SUINO COM OSSO -', 515687, 20.075, 'KG', 1, 'CX', '2024-12-26', '2025-12-26', NULL, 'S'),
('13165', 'CARNE CONG DE SUINO COM OSSO -', 515693, 20.085, 'KG', 1, 'CX', '2024-12-26', '2025-12-26', NULL, 'S'),
('13165-4987', 'CARNE CONG DE SUINO COM OSSO -', 515687, 20.075, 'kg', 1, NULL, '2024-12-26', '2025-12-26', 4987, NULL),
('13165-7393', 'CARNE CONG DE SUINO COM OSSO -', 515693, 20.085, 'kg', 1, NULL, '2024-12-26', '2025-12-26', 7393, NULL),
('13414', 'LINGUICA TIPO CALABRESA  NOBRE', 515659, 250, 'KG', 20, 'CX', '2025-01-14', '2025-04-14', NULL, NULL),
('13414', 'LINGUICA TIPO CALABRESA  NOBRE', 515660, 250, 'KG', 20, 'CX', '2025-01-14', '2025-04-14', NULL, NULL),
('13526', 'LINGUICA MISTA - SUINOS E FRAN', 515688, 16.8, 'KG', 1, 'CX', '2025-01-14', '2025-05-14', NULL, NULL),
('13526', 'LINGUICA MISTA - SUINOS E FRAN', 515706, 33.6, 'KG', 2, 'CX', '2025-01-14', '2025-05-14', NULL, NULL),
('13532', 'LINGUICA DE FRANGO - NOBRE - 7', 515584, 336, 'KG', 20, 'CX', '2025-01-14', '2025-05-14', NULL, NULL),
('13532', 'LINGUICA DE FRANGO - NOBRE - 7', 515613, 168, 'KG', 10, 'CX', '2025-01-14', '2025-05-14', NULL, NULL),
('13532', 'LINGUICA DE FRANGO - NOBRE - 7', 515707, 16.8, 'KG', 1, 'CX', '2025-01-14', '2025-05-14', NULL, NULL),
('13544', 'LINGUICA TIPO CALABRESA NOBRE ', 515596, 16.8, 'KG', 4, 'CX', NULL, NULL, NULL, 'S'),
('13544', 'LINGUICA TIPO CALABRESA NOBRE ', 515603, 12.6, 'KG', 3, 'CX', '2025-01-10', '2025-04-10', NULL, NULL),
('13544-596-1', 'LINGUICA TIPO CALABRESA NOBRE ', 515596, 12.6, 'kg', 3, NULL, '2025-01-13', '2025-04-13', NULL, NULL),
('13544-596-2', 'LINGUICA TIPO CALABRESA NOBRE ', 515596, 4.2, 'kg', 1, NULL, '2025-01-10', '2025-04-10', NULL, NULL),
('13547', 'BATATA PALITO CONG - NOBRE - 2', 515635, 42, 'KG', 3, 'CX', '2024-12-14', '2025-12-14', NULL, NULL),
('13547', 'BATATA PALITO CONG - NOBRE - 2', 515662, 56, 'KG', 4, 'CX', '2024-12-14', '2025-12-14', NULL, NULL),
('13547', 'BATATA PALITO CONG - NOBRE - 2', 515674, 14, 'KG', 1, 'CX', '2024-12-14', '2025-12-14', NULL, NULL),
('13547', 'BATATA PALITO CONG - NOBRE - 2', 515687, 28, 'KG', 2, 'CX', '2024-12-14', '2025-12-14', NULL, NULL),
('13648', 'SALSICHA - SUINO - NOBRE - 3KG', 515567, 1200, 'KG', 400, 'PCT', '2025-01-17', '2025-05-17', NULL, NULL),
('13648', 'SALSICHA - SUINO - NOBRE - 3KG', 515576, 1200, 'KG', 400, 'PCT', NULL, NULL, NULL, 'S'),
('13648', 'SALSICHA - SUINO - NOBRE - 3KG', 515617, 480, 'KG', 160, 'PCT', '2025-01-15', '2025-05-15', NULL, NULL),
('13648', 'SALSICHA - SUINO - NOBRE - 3KG', 515618, 240, 'KG', 80, 'PCT', '2025-01-15', '2025-05-15', NULL, NULL),
('13648', 'SALSICHA - SUINO - NOBRE - 3KG', 515619, 288, 'KG', 96, 'PCT', '2025-01-15', '2025-05-15', NULL, NULL),
('13648', 'SALSICHA - SUINO - NOBRE - 3KG', 515620, 120, 'KG', 40, 'PCT', '2025-01-15', '2025-05-15', NULL, NULL),
('13648', 'SALSICHA - SUINO - NOBRE - 3KG', 515621, 240, 'KG', 80, 'PCT', '2025-01-15', '2025-05-15', NULL, NULL),
('13648', 'SALSICHA - SUINO - NOBRE - 3KG', 515641, 300, 'KG', 100, 'PCT', '2025-01-17', '2025-05-17', NULL, NULL),
('13648', 'SALSICHA - SUINO - NOBRE - 3KG', 515644, 99, 'KG', 33, 'PCT', '2025-01-15', '2025-05-15', NULL, NULL),
('13648', 'SALSICHA - SUINO - NOBRE - 3KG', 515648, 24, 'KG', 8, 'PCT', '2025-01-15', '2025-05-15', NULL, NULL),
('13648', 'SALSICHA - SUINO - NOBRE - 3KG', 515650, 120, 'KG', 40, 'PCT', '2025-01-15', '2025-05-15', NULL, NULL),
('13648', 'SALSICHA - SUINO - NOBRE - 3KG', 515665, 120, 'KG', 40, 'PCT', '2025-01-15', '2025-05-15', NULL, NULL),
('13648', 'SALSICHA - SUINO - NOBRE - 3KG', 515666, 72, 'KG', 24, 'PCT', '2025-01-15', '2025-05-15', NULL, NULL),
('13648', 'SALSICHA - SUINO - NOBRE - 3KG', 515693, 24, 'KG', 8, 'PCT', '2025-01-15', '2025-05-15', NULL, NULL),
('13648', 'SALSICHA - SUINO - NOBRE - 3KG', 515702, 72, 'KG', 24, 'PCT', '2025-01-15', '2025-05-15', NULL, NULL),
('13648', 'SALSICHA - SUINO - NOBRE - 3KG', 515703, 48, 'KG', 16, 'PCT', '2025-01-15', '2025-05-15', NULL, NULL),
('13648', 'SALSICHA - SUINO - NOBRE - 3KG', 515708, 3, 'KG', 1, 'PCT', '2025-01-15', '2025-05-15', NULL, NULL),
('13648', 'SALSICHA - SUINO - NOBRE - 3KG', 515724, 9, 'KG', 3, 'PCT', '2025-01-15', '2025-05-15', NULL, NULL),
('13648-576-1', 'SALSICHA - SUINO - NOBRE - 3kg', 515576, 87, 'kg', 29, NULL, '2025-01-15', '2025-05-15', NULL, NULL),
('13648-576-2', 'SALSICHA - SUINO - NOBRE - 3kg', 515576, 1113, 'kg', 371, NULL, '2025-01-17', '2025-05-17', NULL, NULL),
('13649', 'LINGUICA MISTA - SUINOS E FRAN', 515651, 25, 'KG', 5, 'PCT', '2025-01-13', '2025-05-13', NULL, NULL),
('13649', 'LINGUICA MISTA - SUINOS E FRAN', 515706, 50, 'KG', 10, 'PCT', '2025-01-13', '2025-05-13', NULL, NULL),
('13649', 'LINGUICA MISTA - SUINOS E FRAN', 515716, 25, 'KG', 5, 'PCT', '2025-01-13', '2025-05-13', NULL, NULL),
('13649', 'LINGUICA MISTA - SUINOS E FRAN', 515740, 10, 'KG', 2, 'PCT', '2025-01-13', '2025-05-13', NULL, NULL),
('13657', 'LINGUICA TIPO CALABRESA - NOBR', 515616, 1080, 'KG', 108, 'CX', '2024-12-02', '2025-03-02', NULL, NULL),
('13657', 'LINGUICA TIPO CALABRESA - NOBR', 515625, 100, 'KG', 10, 'CX', '2024-12-02', '2025-03-02', NULL, NULL),
('13657', 'LINGUICA TIPO CALABRESA - NOBR', 515647, 10, 'KG', 1, 'CX', '2024-12-02', '2025-03-02', NULL, NULL),
('13657', 'LINGUICA TIPO CALABRESA - NOBR', 515651, 40, 'KG', 4, 'CX', '2024-12-02', '2025-03-02', NULL, NULL),
('13657', 'LINGUICA TIPO CALABRESA - NOBR', 515652, 20, 'KG', 2, 'CX', '2024-12-02', '2025-03-02', NULL, NULL),
('13657', 'LINGUICA TIPO CALABRESA - NOBR', 515712, 100, 'KG', 10, 'CX', '2024-12-02', '2025-03-02', NULL, NULL),
('13662', 'LINGUICA TIPO CALABRESA - NOBR', 515655, 5, 'KG', 1, 'PCT', '2024-12-02', '2025-03-02', NULL, NULL),
('13662', 'LINGUICA TIPO CALABRESA - NOBR', 515687, 25, 'KG', 5, 'PCT', '2024-12-02', '2025-03-02', NULL, NULL),
('13662', 'LINGUICA TIPO CALABRESA - NOBR', 515726, 25, 'KG', 5, 'PCT', '2024-12-02', '2025-03-02', NULL, NULL),
('13662', 'LINGUICA TIPO CALABRESA - NOBR', 515727, 50, 'KG', 10, 'PCT', '2024-12-02', '2025-03-02', NULL, NULL),
('1399', 'EMBUTIDO COZIDO DE LOMBO - SUI', 515645, 7, 'KG', 1, 'CX', '2024-12-18', '2025-03-18', NULL, NULL),
('1399', 'EMBUTIDO COZIDO DE LOMBO - SUI', 515690, 14, 'KG', 2, 'CX', '2024-12-18', '2025-03-18', NULL, NULL),
('1399', 'EMBUTIDO COZIDO DE LOMBO - SUI', 515698, 21, 'KG', 3, 'CX', '2024-12-18', '2025-03-18', NULL, NULL),
('1402', 'CARNE TEMPERADA COZ CONG SUINO', 515637, 5.4, 'KG', 1, 'CX', '2024-10-28', '2025-10-28', NULL, NULL),
('1566', 'CARNE CONG DE FRANGO COM OSSO ', 515630, 17.105, 'KG', 1, 'CX', '2024-12-06', '2025-12-06', NULL, 'S'),
('1566', 'CARNE CONG DE FRANGO COM OSSO ', 515648, 17.165, 'KG', 1, 'CX', '2024-11-26', '2025-11-26', NULL, 'S'),
('1566', 'CARNE CONG DE FRANGO COM OSSO ', 515723, 17.6, 'KG', 1, 'CX', '2024-11-26', '2025-11-26', NULL, 'S'),
('1566-2664', 'CARNE CONG DE FRANGO COM OSSO ', 515723, 17.6, 'kg', 1, NULL, '2024-11-26', '2025-11-26', 2664, NULL),
('1566-2975', 'CARNE CONG DE FRANGO COM OSSO ', 515630, 17.105, 'kg', 1, NULL, '2024-12-06', '2025-12-06', 2975, NULL),
('1566-5420', 'CARNE CONG DE FRANGO COM OSSO ', 515648, 17.165, 'kg', 1, NULL, '2024-11-26', '2025-11-26', 5420, NULL),
('1609', 'MORTADELA DE FRANGO - AURORA -', 515666, 15, 'KG', 1, 'CX', '2025-01-15', '2025-03-16', NULL, NULL),
('1609', 'MORTADELA DE FRANGO - AURORA -', 515667, 15, 'KG', 1, 'CX', '2025-01-15', '2025-03-16', NULL, NULL),
('1629', 'CARNE CONG DE FRANGO SEM OSSO ', 515627, 20, 'KG', 2, 'CX', '2024-06-25', '2025-06-25', NULL, NULL),
('1629', 'CARNE CONG DE FRANGO SEM OSSO ', 515630, 20, 'KG', 2, 'CX', '2024-06-25', '2025-06-25', NULL, NULL),
('1635', 'CARNE CONG DE FRANGO COM OSSO ', 515657, 12, 'KG', 1, 'CX', '2025-01-08', '2026-01-08', NULL, NULL),
('1638', 'FRANGO A PASSARINHO CONG - COX', 515573, 360, 'KG', 30, 'CX', NULL, NULL, NULL, 'S'),
('1638-573-1', 'FRANGO A PASSARINHO CONG - COX', 515573, 24, 'kg', 2, NULL, '2024-08-30', '2025-08-30', NULL, NULL),
('1638-573-2', 'FRANGO A PASSARINHO CONG - COX', 515573, 84, 'kg', 7, NULL, '2025-01-06', '2026-01-06', NULL, NULL),
('1638-573-3', 'FRANGO A PASSARINHO CONG - COX', 515573, 72, 'kg', 6, NULL, '2025-01-09', '2026-01-09', NULL, NULL),
('1638-573-4', 'FRANGO A PASSARINHO CONG - COX', 515573, 180, 'kg', 15, NULL, '2025-01-04', '2026-01-04', NULL, NULL),
('1642', 'LINGUICA DE FRANGO - AURORA - ', 515624, 125, 'KG', 25, 'PCT', '2024-12-17', '2025-04-16', NULL, NULL),
('1642', 'LINGUICA DE FRANGO - AURORA - ', 515632, 25, 'KG', 5, 'PCT', '2024-12-16', '2025-04-15', NULL, NULL),
('1642', 'LINGUICA DE FRANGO - AURORA - ', 515634, 50, 'KG', 10, 'PCT', '2024-12-17', '2025-04-16', NULL, NULL),
('1642', 'LINGUICA DE FRANGO - AURORA - ', 515646, 50, 'KG', 10, 'PCT', '2024-12-17', '2025-04-16', NULL, NULL),
('1642', 'LINGUICA DE FRANGO - AURORA - ', 515649, 25, 'KG', 5, 'PCT', '2024-12-16', '2025-04-15', NULL, NULL),
('1642', 'LINGUICA DE FRANGO - AURORA - ', 515663, 30, 'KG', 6, 'PCT', '2024-12-16', '2025-04-15', NULL, NULL),
('1642', 'LINGUICA DE FRANGO - AURORA - ', 515664, 50, 'KG', 10, 'PCT', NULL, NULL, NULL, 'S'),
('1642', 'LINGUICA DE FRANGO - AURORA - ', 515679, 25, 'KG', 5, 'PCT', '2024-12-16', '2025-04-15', NULL, NULL),
('1642', 'LINGUICA DE FRANGO - AURORA - ', 515692, 10, 'KG', 2, 'PCT', '2024-12-16', '2025-04-15', NULL, NULL),
('1642', 'LINGUICA DE FRANGO - AURORA - ', 515695, 25, 'KG', 5, 'PCT', '2024-12-16', '2025-04-15', NULL, NULL),
('1642', 'LINGUICA DE FRANGO - AURORA - ', 515703, 75, 'KG', 15, 'PCT', '2024-12-17', '2025-04-16', NULL, NULL),
('1642', 'LINGUICA DE FRANGO - AURORA - ', 515704, 25, 'KG', 5, 'PCT', '2024-12-16', '2025-04-15', NULL, NULL),
('1642', 'LINGUICA DE FRANGO - AURORA - ', 515740, 25, 'KG', 5, 'PCT', '2024-12-16', '2025-04-15', NULL, NULL),
('1642-664-1', 'LINGUICA DE FRANGO - AURORA - ', 515664, 15, 'kg', 3, NULL, '2024-12-16', '2025-04-15', NULL, NULL),
('1642-664-2', 'LINGUICA DE FRANGO - AURORA - ', 515664, 35, 'kg', 7, NULL, '2024-12-17', '2025-04-16', NULL, NULL),
('16542', 'BACON TABLETES ALEGRA', 515664, 9, 'KG', 2, 'CX', '2025-01-10', '2025-04-10', NULL, NULL),
('16545', 'EMBUTIDO FRESCAL CONG DE CARNE', 515629, 14.4, 'KG', 1, 'CX', '2024-11-05', '2025-05-04', NULL, NULL),
('16630', 'PRESUNTO COZIDO RF ALEGRA 2 PC', 515665, 21, 'KG', 3, 'CX', '2025-01-16', '2025-04-16', NULL, NULL),
('16630', 'PRESUNTO COZIDO RF ALEGRA 2 PC', 515667, 35, 'KG', 5, 'CX', '2025-01-16', '2025-04-16', NULL, NULL),
('16630', 'PRESUNTO COZIDO RF ALEGRA 2 PC', 515674, 91, 'KG', 13, 'CX', '2025-01-16', '2025-04-16', NULL, NULL),
('16654', 'LINGUICA COZIDA CALABRESA ALEG', 515656, 10, 'KG', 1, 'CX', '2024-12-05', '2025-03-05', NULL, NULL),
('16654', 'LINGUICA COZIDA CALABRESA ALEG', 515715, 100, 'KG', 10, 'CX', NULL, NULL, NULL, 'S'),
('16654-715-1', 'LINGUICA COZIDA CALABRESA ALEG', 515715, 60, 'kg', 6, NULL, '2024-12-05', '2025-03-05', NULL, NULL),
('16654-715-2', 'LINGUICA COZIDA CALABRESA ALEG', 515715, 40, 'kg', 4, NULL, '2024-12-09', '2025-03-09', NULL, NULL),
('16670', 'BACON MANTA ALEGRA', 515716, 10.221, 'KG', 1, 'CX', '2025-01-13', '2025-04-13', NULL, 'S'),
('16670-7116', 'BACON MANTA ALEGRA', 515716, 10.221, 'kg', 1, NULL, '2025-01-13', '2025-04-13', 7116, NULL),
('1757', 'CARNE TEMPERADA CONGELADA FRAN', 515565, 120, 'KG', 10, 'CX', '2025-01-07', '2025-07-06', NULL, NULL),
('1757', 'CARNE TEMPERADA CONGELADA FRAN', 515569, 120, 'KG', 10, 'CX', '2025-01-07', '2025-07-06', NULL, NULL),
('1757', 'CARNE TEMPERADA CONGELADA FRAN', 515634, 12, 'KG', 1, 'CX', '2025-01-07', '2025-07-06', NULL, NULL),
('1757', 'CARNE TEMPERADA CONGELADA FRAN', 515694, 12, 'KG', 1, 'CX', '2025-01-07', '2025-07-06', NULL, NULL),
('1757', 'CARNE TEMPERADA CONGELADA FRAN', 515700, 12, 'KG', 1, 'CX', '2025-01-07', '2025-07-06', NULL, NULL),
('1817', 'CORTES CONG DE FRANGO - COXINH', 515648, 12, 'KG', 1, 'CX', '2025-01-03', '2026-01-03', NULL, NULL),
('1817', 'CORTES CONG DE FRANGO - COXINH', 515682, 12, 'KG', 1, 'CX', '2025-01-03', '2026-01-03', NULL, NULL),
('1821', 'CORTES CONG DE FRANGO - FILE D', 515624, 120, 'KG', 10, 'CX', '2025-01-03', '2026-01-03', NULL, NULL),
('1821', 'CORTES CONG DE FRANGO - FILE D', 515639, 12, 'KG', 1, 'CX', '2025-01-03', '2026-01-03', NULL, NULL),
('1821', 'CORTES CONG DE FRANGO - FILE D', 515651, 12, 'KG', 1, 'CX', '2025-01-03', '2026-01-03', NULL, NULL),
('1821', 'CORTES CONG DE FRANGO - FILE D', 515653, 12, 'KG', 1, 'CX', '2025-01-03', '2026-01-03', NULL, NULL),
('1821', 'CORTES CONG DE FRANGO - FILE D', 515658, 24, 'KG', 2, 'CX', '2025-01-03', '2026-01-03', NULL, NULL),
('1821', 'CORTES CONG DE FRANGO - FILE D', 515701, 12, 'KG', 1, 'CX', '2025-01-03', '2026-01-03', NULL, NULL),
('1821', 'CORTES CONG DE FRANGO - FILE D', 515719, 12, 'KG', 1, 'CX', '2025-01-03', '2026-01-03', NULL, NULL),
('1821', 'CORTES CONG DE FRANGO - FILE D', 515723, 12, 'KG', 1, 'CX', '2025-01-03', '2026-01-03', NULL, NULL),
('1821', 'CORTES CONG DE FRANGO - FILE D', 515725, 1200, 'KG', 100, 'CX', NULL, NULL, NULL, 'S'),
('1821-725-1', 'CORTES CONG DE FRANGO - FILE D', 515725, 216, 'kg', 18, NULL, '2025-01-03', '2026-01-03', NULL, NULL),
('1821-725-2', 'CORTES CONG DE FRANGO - FILE D', 515725, 504, 'kg', 42, NULL, '2025-01-06', '2026-01-06', NULL, NULL),
('1821-725-3', 'CORTES CONG DE FRANGO - FILE D', 515725, 192, 'kg', 16, NULL, '2025-01-02', '2026-01-02', NULL, NULL),
('1821-725-4', 'CORTES CONG DE FRANGO - FILE D', 515725, 288, 'kg', 24, NULL, '2025-01-04', '2026-01-04', NULL, NULL),
('1822', 'CORTES CONG DE FRANGO - FILEZI', 515695, 36, 'KG', 3, 'CX', '2024-12-14', '2025-12-14', NULL, NULL),
('1830', 'MIUDOS CONG DE FRANGO - CORACA', 515657, 12, 'KG', 1, 'CX', '2025-01-08', '2026-01-08', NULL, NULL),
('1830', 'MIUDOS CONG DE FRANGO - CORACA', 515670, 24, 'KG', 2, 'CX', '2025-01-08', '2026-01-08', NULL, NULL),
('1830', 'MIUDOS CONG DE FRANGO - CORACA', 515695, 24, 'KG', 2, 'CX', '2025-01-08', '2026-01-08', NULL, NULL),
('1876', 'LINGUICA DE CARNE DE FRANGO - ', 515636, 16.8, 'KG', 1, 'CX', '2024-11-21', '2025-03-21', NULL, NULL),
('1876', 'LINGUICA DE CARNE DE FRANGO - ', 515673, 16.8, 'KG', 1, 'CX', '2024-10-21', '2025-02-18', NULL, NULL),
('2010', 'ALMONDEGAS DE CARNE BOVINA - A', 515633, 30, 'KG', 5, 'CX', '2024-12-10', '2025-04-09', NULL, NULL),
('2024', 'HAMBURGUER DE CARNE DE FRANGO ', 515693, 2.016, 'KG', 1, 'CX', '2025-01-06', '2025-05-06', NULL, NULL),
('2099', 'HAMBURGUER DE CARNE FRANGO-BOV', 515656, 2.016, 'KG', 1, 'CX', '2024-12-04', '2025-04-03', NULL, NULL),
('2099', 'HAMBURGUER DE CARNE FRANGO-BOV', 515704, 2.016, 'KG', 1, 'CX', '2024-12-04', '2025-04-03', NULL, NULL),
('2099', 'HAMBURGUER DE CARNE FRANGO-BOV', 515705, 4.032, 'KG', 2, 'CX', '2024-12-04', '2025-04-03', NULL, NULL),
('2099', 'HAMBURGUER DE CARNE FRANGO-BOV', 515706, 4.032, 'KG', 2, 'CX', '2024-12-04', '2025-04-03', NULL, NULL),
('2624', 'BATATA PALITO - AURORA - 400G', 515648, 12, 'KG', 1, 'CX', '2024-12-18', '2025-12-18', NULL, NULL),
('2624', 'BATATA PALITO - AURORA - 400G', 515676, 12, 'KG', 1, 'CX', '2024-12-18', '2025-12-18', NULL, NULL),
('2624', 'BATATA PALITO - AURORA - 400G', 515714, 12, 'KG', 1, 'CX', '2024-12-18', '2025-12-18', NULL, NULL),
('2637', 'BATATA PALITO - AURORA - 2KG', 515645, 12, 'KG', 1, 'CX', '2024-12-26', '2025-12-26', NULL, NULL),
('2637', 'BATATA PALITO - AURORA - 2KG', 515652, 24, 'KG', 2, 'CX', '2024-12-26', '2025-12-26', NULL, NULL),
('2637', 'BATATA PALITO - AURORA - 2KG', 515680, 48, 'KG', 4, 'CX', '2024-12-26', '2025-12-26', NULL, NULL),
('2637', 'BATATA PALITO - AURORA - 2KG', 515681, 36, 'KG', 3, 'CX', '2024-12-26', '2025-12-26', NULL, NULL),
('2637', 'BATATA PALITO - AURORA - 2KG', 515688, 12, 'KG', 1, 'CX', '2024-12-26', '2025-12-26', NULL, NULL),
('2637', 'BATATA PALITO - AURORA - 2KG', 515718, 36, 'KG', 3, 'CX', '2024-12-26', '2025-12-26', NULL, NULL),
('2637', 'BATATA PALITO - AURORA - 2KG', 515719, 60, 'KG', 5, 'CX', '2024-12-26', '2025-12-26', NULL, NULL),
('2641', 'PIZZA DE MUSSARELA COM AZEITON', 515588, 3.52, 'KG', 1, 'CX', '2024-11-25', '2025-05-24', NULL, NULL),
('2641', 'PIZZA DE MUSSARELA COM AZEITON', 515600, 3.52, 'KG', 1, 'CX', '2024-11-25', '2025-05-24', NULL, NULL),
('2642', 'PIZZA DE CALABRESA MUSS AZEIT ', 515642, 36.8, 'KG', 10, 'CX', NULL, NULL, NULL, 'S'),
('2642-642-1', 'PIZZA DE CALABRESA MUSS AZEIT ', 515642, 25.76, 'kg', 7, NULL, '2025-01-15', '2025-07-14', NULL, NULL),
('2642-642-2', 'PIZZA DE CALABRESA MUSS AZEIT ', 515642, 11.04, 'kg', 3, NULL, '2024-12-20', '2025-06-18', NULL, NULL),
('2646', 'PIZZA DE FRANGO COM REQUEIJAO ', 515612, 7.36, 'KG', 2, 'CX', '2025-01-14', '2025-07-13', NULL, NULL),
('2646', 'PIZZA DE FRANGO COM REQUEIJAO ', 515614, 3.68, 'KG', 1, 'CX', '2025-01-14', '2025-07-13', NULL, NULL),
('2646', 'PIZZA DE FRANGO COM REQUEIJAO ', 515642, 18.4, 'KG', 5, 'CX', '2025-01-14', '2025-07-13', NULL, NULL),
('2650', 'PAO DE QUEIJO - AURORA - 400G', 515636, 10, 'KG', 1, 'CX', '2024-12-27', '2025-06-25', NULL, NULL),
('2650', 'PAO DE QUEIJO - AURORA - 400G', 515653, 10, 'KG', 1, 'CX', '2024-12-27', '2025-06-25', NULL, NULL),
('2650', 'PAO DE QUEIJO - AURORA - 400G', 515664, 10, 'KG', 1, 'CX', '2024-12-27', '2025-06-25', NULL, NULL),
('2651', 'PAO DE QUEIJO 1KG AURORA', 515600, 30, 'KG', 3, 'CX', '2024-12-16', '2025-06-14', NULL, NULL),
('2657', 'LASANHA DE FRANGO AO SUGO - AU', 515637, 4.8, 'KG', 1, 'CX', '2025-01-16', '2025-07-15', NULL, NULL),
('2657', 'LASANHA DE FRANGO AO SUGO - AU', 515652, 4.8, 'KG', 1, 'CX', '2025-01-16', '2025-07-15', NULL, NULL),
('2694', 'LANCHE FAROESTE BURGER - X BAC', 515637, 2.61, 'KG', 1, 'CX', '2024-12-12', '2025-06-10', NULL, NULL),
('2695', 'LANCHE FAROESTE BURGER - X BUR', 515637, 2.61, 'KG', 1, 'CX', '2024-12-26', '2025-06-24', NULL, NULL),
('2697', 'LANCHE FAROESTE BURGER X SABOR', 515637, 2.61, 'KG', 1, 'CX', '2024-10-21', '2025-04-19', NULL, NULL),
('2707', 'QUEIJO MUSSARELA FATIADO - AUR', 515601, 6, 'KG', 2, 'CX', '2025-01-06', '2025-04-06', NULL, NULL),
('2707', 'QUEIJO MUSSARELA FATIADO - AUR', 515630, 3, 'KG', 1, 'CX', '2025-01-06', '2025-04-06', NULL, NULL),
('2707', 'QUEIJO MUSSARELA FATIADO - AUR', 515636, 6, 'KG', 2, 'CX', '2025-01-06', '2025-04-06', NULL, NULL),
('2707', 'QUEIJO MUSSARELA FATIADO - AUR', 515661, 3, 'KG', 1, 'CX', '2025-01-06', '2025-04-06', NULL, NULL),
('2707', 'QUEIJO MUSSARELA FATIADO - AUR', 515708, 3, 'KG', 1, 'CX', '2025-01-06', '2025-04-06', NULL, NULL),
('2707', 'QUEIJO MUSSARELA FATIADO - AUR', 515717, 3, 'KG', 1, 'CX', '2025-01-06', '2025-04-06', NULL, NULL),
('2707', 'QUEIJO MUSSARELA FATIADO - AUR', 515724, 6, 'KG', 2, 'CX', '2025-01-06', '2025-04-06', NULL, NULL),
('2708', 'QUEIJO PRATO  - LANCHE - FATIA', 515566, 9, 'KG', 3, 'CX', '2025-01-16', '2025-04-16', NULL, NULL),
('2708', 'QUEIJO PRATO  - LANCHE - FATIA', 515570, 6, 'KG', 2, 'CX', '2025-01-16', '2025-04-16', NULL, NULL),
('2708', 'QUEIJO PRATO  - LANCHE - FATIA', 515574, 6, 'KG', 2, 'CX', '2025-01-16', '2025-04-16', NULL, NULL),
('2708', 'QUEIJO PRATO  - LANCHE - FATIA', 515708, 3, 'KG', 1, 'CX', '2025-01-16', '2025-04-16', NULL, NULL),
('2771', 'LEITE EM PO INTEGRAL - AURORA ', 515636, 10, 'KG', 1, 'CX', '2024-11-17', '2025-11-17', NULL, NULL),
('2894', 'LEITE EM PO INTEGRAL AURORA 75', 515741, 9, 'KG', 1, 'CX', '2024-11-19', '2025-11-19', NULL, NULL),
('3046', 'BACON MEIA PECA  - SUINOS - AU', 515626, 11.95, 'KG', 1, 'CX', '2025-01-11', '2025-03-12', NULL, 'S'),
('3046-3794', 'BACON MEIA PECA  - SUINOS - AU', 515626, 11.95, 'kg', 1, NULL, '2025-01-11', '2025-03-12', 3794, NULL),
('305', 'BACON FATIADO - SUINOS - AUROR', 515669, 10, 'KG', 2, 'CX', '2025-01-22', '2025-04-22', NULL, NULL),
('305', 'BACON FATIADO - SUINOS - AUROR', 515728, 5, 'KG', 1, 'CX', '2025-01-22', '2025-04-22', NULL, NULL),
('305', 'BACON FATIADO - SUINOS - AUROR', 515729, 10, 'KG', 2, 'CX', '2025-01-22', '2025-04-22', NULL, NULL),
('305', 'BACON FATIADO - SUINOS - AUROR', 515730, 5, 'KG', 1, 'CX', '2025-01-22', '2025-04-22', NULL, NULL),
('305', 'BACON FATIADO - SUINOS - AUROR', 515731, 5, 'KG', 1, 'CX', '2025-01-22', '2025-04-22', NULL, NULL),
('305', 'BACON FATIADO - SUINOS - AUROR', 515737, 5, 'KG', 1, 'CX', '2025-01-22', '2025-04-22', NULL, NULL),
('305', 'BACON FATIADO - SUINOS - AUROR', 515738, 5, 'KG', 1, 'CX', '2025-01-22', '2025-04-22', NULL, NULL),
('305', 'BACON FATIADO - SUINOS - AUROR', 515739, 10, 'KG', 2, 'CX', '2025-01-22', '2025-04-22', NULL, NULL),
('331', 'BACON EM CUBOS - SUINOS - AURO', 515734, 10, 'KG', 1, 'CX', '2025-01-21', '2025-03-22', NULL, NULL),
('331', 'BACON EM CUBOS - SUINOS - AURO', 515735, 10, 'KG', 1, 'CX', '2025-01-21', '2025-03-22', NULL, NULL),
('3502', 'FILE DE TILAPIA - AURORA - 800', 515623, 19.2, 'KG', 2, 'CX', '2024-10-10', '2025-10-10', NULL, NULL),
('3502', 'FILE DE TILAPIA - AURORA - 800', 515628, 9.6, 'KG', 1, 'CX', '2024-10-02', '2025-10-02', NULL, NULL),
('3502', 'FILE DE TILAPIA - AURORA - 800', 515675, 19.2, 'KG', 2, 'CX', '2024-10-10', '2025-10-10', NULL, NULL),
('3911', 'POSTA DE TILAPIA 800 G', 515721, 19.2, 'KG', 2, 'CX', '2024-10-17', '2025-10-17', NULL, NULL),
('3911', 'POSTA DE TILAPIA 800 G', 515722, 19.2, 'KG', 2, 'CX', '2024-10-17', '2025-10-17', NULL, NULL),
('422', 'LINGUICA DE CARNE SUINA - AURO', 515631, 50, 'KG', 10, 'PCT', '2025-01-16', '2025-05-16', NULL, NULL),
('422', 'LINGUICA DE CARNE SUINA - AURO', 515638, 25, 'KG', 5, 'PCT', '2025-01-16', '2025-05-16', NULL, NULL),
('422', 'LINGUICA DE CARNE SUINA - AURO', 515692, 25, 'KG', 5, 'PCT', '2025-01-16', '2025-05-16', NULL, NULL),
('422', 'LINGUICA DE CARNE SUINA - AURO', 515694, 10, 'KG', 2, 'PCT', '2025-01-16', '2025-05-16', NULL, NULL),
('422', 'LINGUICA DE CARNE SUINA - AURO', 515736, 125, 'KG', 25, 'PCT', '2025-01-16', '2025-05-16', NULL, NULL),
('458', 'LINGUICA TIPO PORTUGUESA - AUR', 515590, 70, 'KG', 7, 'CX', '2025-01-14', '2025-04-14', NULL, NULL),
('458', 'LINGUICA TIPO PORTUGUESA - AUR', 515605, 10, 'KG', 1, 'CX', '2025-01-14', '2025-04-14', NULL, NULL),
('458', 'LINGUICA TIPO PORTUGUESA - AUR', 515668, 20, 'KG', 2, 'CX', '2025-01-14', '2025-04-14', NULL, NULL),
('459', 'PAIO - AURORA - 2,5KG - LINGUI', 515571, 70, 'KG', 7, 'CX', '2025-01-04', '2025-04-04', NULL, NULL),
('459', 'PAIO - AURORA - 2,5KG - LINGUI', 515577, 30, 'KG', 3, 'CX', '2025-01-04', '2025-04-04', NULL, NULL),
('459', 'PAIO - AURORA - 2,5KG - LINGUI', 515591, 50, 'KG', 5, 'CX', '2025-01-04', '2025-04-04', NULL, NULL),
('459', 'PAIO - AURORA - 2,5KG - LINGUI', 515691, 20, 'KG', 2, 'CX', '2025-01-04', '2025-04-04', NULL, NULL),
('460', 'LINGUICA MISTA COZIDA DEFUMADA', 515568, 300, 'KG', 30, 'CX', '2025-01-09', '2025-04-09', NULL, NULL),
('460', 'LINGUICA MISTA COZIDA DEFUMADA', 515572, 200, 'KG', 20, 'CX', '2025-01-09', '2025-04-09', NULL, NULL),
('460', 'LINGUICA MISTA COZIDA DEFUMADA', 515578, 50, 'KG', 5, 'CX', '2025-01-09', '2025-04-09', NULL, NULL),
('460', 'LINGUICA MISTA COZIDA DEFUMADA', 515710, 10, 'KG', 1, 'CX', '2025-01-09', '2025-04-09', NULL, NULL),
('460', 'LINGUICA MISTA COZIDA DEFUMADA', 515716, 20, 'KG', 2, 'CX', '2025-01-09', '2025-04-09', NULL, NULL),
('460', 'LINGUICA MISTA COZIDA DEFUMADA', 515717, 10, 'KG', 1, 'CX', '2025-01-09', '2025-04-09', NULL, NULL),
('460', 'LINGUICA MISTA COZIDA DEFUMADA', 515740, 10, 'KG', 1, 'CX', '2025-01-09', '2025-04-09', NULL, NULL),
('472', 'LINGUICA DE CARNE SUINA FIN AP', 515592, 60, 'KG', 5, 'CX', '2024-12-27', '2025-04-26', NULL, NULL),
('472', 'LINGUICA DE CARNE SUINA FIN AP', 515636, 12, 'KG', 1, 'CX', '2024-12-27', '2025-04-26', NULL, NULL),
('473', 'LINGUICA DE LOMBO SUINO - AURO', 515700, 10, 'KG', 1, 'CX', '2024-12-19', '2025-04-18', NULL, NULL),
('475', 'LINGUICA TOSCANA SAB CERV E CE', 515597, 10, 'KG', 1, 'CX', '2024-12-20', '2025-04-19', NULL, NULL),
('475', 'LINGUICA TOSCANA SAB CERV E CE', 515729, 10, 'KG', 1, 'CX', '2024-12-20', '2025-04-19', NULL, NULL),
('475', 'LINGUICA TOSCANA SAB CERV E CE', 515730, 10, 'KG', 1, 'CX', '2024-12-20', '2025-04-19', NULL, NULL),
('475', 'LINGUICA TOSCANA SAB CERV E CE', 515731, 10, 'KG', 1, 'CX', '2024-12-20', '2025-04-19', NULL, NULL),
('475', 'LINGUICA TOSCANA SAB CERV E CE', 515738, 10, 'KG', 1, 'CX', '2024-12-20', '2025-04-19', NULL, NULL),
('475', 'LINGUICA TOSCANA SAB CERV E CE', 515739, 10, 'KG', 1, 'CX', '2024-12-20', '2025-04-19', NULL, NULL),
('483', 'LINGUICA DE PERNIL SUINO - AUR', 515636, 16.8, 'KG', 1, 'CX', '2024-12-02', '2025-04-01', NULL, NULL),
('484', 'LINGUICA TOSCANA - AURORA - 70', 515699, 33.6, 'KG', 2, 'CX', '2024-11-25', '2025-03-25', NULL, NULL),
('5030', 'LINGUICA TIPO CALABRESA - AURO', 515622, 5, 'KG', 1, 'PCT', '2025-01-11', '2025-04-11', NULL, NULL),
('5030', 'LINGUICA TIPO CALABRESA - AURO', 515645, 15, 'KG', 3, 'PCT', '2025-01-11', '2025-04-11', NULL, NULL),
('5030', 'LINGUICA TIPO CALABRESA - AURO', 515652, 25, 'KG', 5, 'PCT', '2025-01-11', '2025-04-11', NULL, NULL),
('5030', 'LINGUICA TIPO CALABRESA - AURO', 515695, 25, 'KG', 5, 'PCT', '2025-01-11', '2025-04-11', NULL, NULL),
('5030', 'LINGUICA TIPO CALABRESA - AURO', 515697, 10, 'KG', 2, 'PCT', '2025-01-11', '2025-04-11', NULL, NULL),
('5030', 'LINGUICA TIPO CALABRESA - AURO', 515715, 50, 'KG', 10, 'PCT', '2025-01-11', '2025-04-11', NULL, NULL),
('5030', 'LINGUICA TIPO CALABRESA - AURO', 515734, 5, 'KG', 1, 'PCT', '2025-01-11', '2025-04-11', NULL, NULL),
('5030', 'LINGUICA TIPO CALABRESA - AURO', 515735, 5, 'KG', 1, 'PCT', '2025-01-11', '2025-04-11', NULL, NULL),
('517', 'APRESUNTADO - SUINO - AURORA -', 515624, 14.8, 'KG', 2, 'CX', '2025-01-02', '2025-05-02', NULL, NULL),
('517', 'APRESUNTADO - SUINO - AURORA -', 515655, 14.8, 'KG', 2, 'CX', '2025-01-02', '2025-05-02', NULL, NULL),
('520', 'APRESUNTADO - SUINO - PEPERI/N', 515647, 14.8, 'KG', 2, 'CX', '2025-01-03', '2025-05-03', NULL, NULL),
('520', 'APRESUNTADO - SUINO - PEPERI/N', 515654, 37, 'KG', 5, 'CX', '2025-01-03', '2025-05-03', NULL, NULL),
('520', 'APRESUNTADO - SUINO - PEPERI/N', 515689, 14.8, 'KG', 2, 'CX', '2025-01-03', '2025-05-03', NULL, NULL),
('520', 'APRESUNTADO - SUINO - PEPERI/N', 515701, 7.4, 'KG', 1, 'CX', '2025-01-03', '2025-05-03', NULL, NULL),
('524', 'MORTADELA - SUINO - AURORA - 1', 515585, 50, 'KG', 5, 'CX', '2025-01-17', '2025-03-18', NULL, NULL),
('524', 'MORTADELA - SUINO - AURORA - 1', 515609, 50, 'KG', 5, 'CX', '2025-01-17', '2025-03-18', NULL, NULL),
('529', 'LOMBO COZIDO DEFUMADO - AURORA', 515634, 5.305, 'KG', 1, 'CX', '2025-01-20', '2025-04-20', NULL, 'S'),
('529-5660', 'LOMBO COZIDO DEFUMADO - AURORA', 515634, 5.305, 'kg', 1, NULL, '2025-01-20', '2025-04-20', 5660, NULL),
('534', 'MORTADELA - SUINO - PEPERI/NOB', 515579, 300, 'KG', 20, 'CX', '2025-01-10', '2025-03-11', NULL, NULL),
('534', 'MORTADELA - SUINO - PEPERI/NOB', 515604, 150, 'KG', 10, 'CX', '2025-01-10', '2025-03-11', NULL, NULL),
('534', 'MORTADELA - SUINO - PEPERI/NOB', 515610, 45, 'KG', 3, 'CX', '2025-01-10', '2025-03-11', NULL, NULL),
('534', 'MORTADELA - SUINO - PEPERI/NOB', 515611, 30, 'KG', 2, 'CX', '2025-01-10', '2025-03-11', NULL, NULL),
('534', 'MORTADELA - SUINO - PEPERI/NOB', 515647, 30, 'KG', 2, 'CX', '2025-01-09', '2025-03-10', NULL, NULL),
('534', 'MORTADELA - SUINO - PEPERI/NOB', 515649, 15, 'KG', 1, 'CX', '2025-01-09', '2025-03-10', NULL, NULL),
('534', 'MORTADELA - SUINO - PEPERI/NOB', 515688, 30, 'KG', 2, 'CX', '2025-01-09', '2025-03-10', NULL, NULL),
('534', 'MORTADELA - SUINO - PEPERI/NOB', 515696, 15, 'KG', 1, 'CX', '2025-01-09', '2025-03-10', NULL, NULL),
('534', 'MORTADELA - SUINO - PEPERI/NOB', 515727, 75, 'KG', 5, 'CX', NULL, NULL, NULL, 'S'),
('534', 'MORTADELA - SUINO - PEPERI/NOB', 515732, 45, 'KG', 3, 'CX', '2025-01-09', '2025-03-10', NULL, NULL),
('534-727-1', 'MORTADELA - SUINO - PEPERI/NOB', 515727, 15, 'kg', 1, NULL, '2025-01-09', '2025-03-10', NULL, NULL),
('534-727-2', 'MORTADELA - SUINO - PEPERI/NOB', 515727, 60, 'kg', 4, NULL, '2025-01-10', '2025-03-11', NULL, NULL),
('5410', 'SALSICHA - SUINO - AURORA - 50', 515583, 60, 'KG', 10, 'CX', '2025-01-14', '2025-04-14', NULL, NULL),
('5410', 'SALSICHA - SUINO - AURORA - 50', 515608, 30, 'KG', 5, 'CX', '2025-01-14', '2025-04-14', NULL, NULL),
('5410', 'SALSICHA - SUINO - AURORA - 50', 515634, 6, 'KG', 1, 'CX', '2024-12-04', '2025-03-04', NULL, NULL),
('5410', 'SALSICHA - SUINO - AURORA - 50', 515636, 6, 'KG', 1, 'CX', '2024-12-04', '2025-03-04', NULL, NULL),
('561', 'PRESUNTO COZIDO SEM CAPA DE GO', 515599, 14, 'KG', 2, 'CX', '2025-01-10', '2025-04-10', NULL, NULL),
('561', 'PRESUNTO COZIDO SEM CAPA DE GO', 515624, 14, 'KG', 2, 'CX', '2025-01-10', '2025-04-10', NULL, NULL),
('561', 'PRESUNTO COZIDO SEM CAPA DE GO', 515626, 7, 'KG', 1, 'CX', '2025-01-10', '2025-04-10', NULL, NULL),
('561', 'PRESUNTO COZIDO SEM CAPA DE GO', 515639, 14, 'KG', 2, 'CX', '2025-01-10', '2025-04-10', NULL, NULL),
('561', 'PRESUNTO COZIDO SEM CAPA DE GO', 515651, 14, 'KG', 2, 'CX', '2025-01-10', '2025-04-10', NULL, NULL),
('561', 'PRESUNTO COZIDO SEM CAPA DE GO', 515656, 7, 'KG', 1, 'CX', '2025-01-10', '2025-04-10', NULL, NULL),
('562', 'PRESUNTO COZIDO SEM CAPA DE GO', 515689, 14, 'KG', 2, 'CX', '2024-12-27', '2025-03-27', NULL, NULL),
('562', 'PRESUNTO COZIDO SEM CAPA DE GO', 515690, 14, 'KG', 2, 'CX', '2024-12-27', '2025-03-27', NULL, NULL),
('562', 'PRESUNTO COZIDO SEM CAPA DE GO', 515698, 21, 'KG', 3, 'CX', '2024-12-27', '2025-03-27', NULL, NULL),
('562', 'PRESUNTO COZIDO SEM CAPA DE GO', 515713, 28, 'KG', 4, 'CX', '2024-12-27', '2025-03-27', NULL, NULL),
('562', 'PRESUNTO COZIDO SEM CAPA DE GO', 515733, 105, 'KG', 15, 'CX', '2024-12-27', '2025-03-27', NULL, NULL),
('567', 'MORTADELA - SUINO - AURORA - 2', 515580, 75, 'KG', 5, 'CX', '2025-01-17', '2025-03-18', NULL, NULL),
('567', 'MORTADELA - SUINO - AURORA - 2', 515593, 30, 'KG', 2, 'CX', '2025-01-17', '2025-03-18', NULL, NULL),
('567', 'MORTADELA - SUINO - AURORA - 2', 515604, 45, 'KG', 3, 'CX', '2025-01-17', '2025-03-18', NULL, NULL),
('567', 'MORTADELA - SUINO - AURORA - 2', 515732, 45, 'KG', 3, 'CX', '2025-01-17', '2025-03-18', NULL, NULL),
('570', 'LANCHE - SUINO - PEPERI/NOBRE', 515643, 29.6, 'KG', 4, 'CX', '2025-01-14', '2025-05-14', NULL, NULL),
('575', 'LINGUICA MISTA COZIDA DEFUMADA', 515604, 13.2, 'KG', 3, 'CX', '2025-01-21', '2025-04-21', NULL, NULL),
('575', 'LINGUICA MISTA COZIDA DEFUMADA', 515606, 22, 'KG', 5, 'CX', '2025-01-21', '2025-04-21', NULL, NULL),
('575', 'LINGUICA MISTA COZIDA DEFUMADA', 515636, 4.4, 'KG', 1, 'CX', '2024-12-12', '2025-03-12', NULL, NULL),
('575', 'LINGUICA MISTA COZIDA DEFUMADA', 515694, 4.4, 'KG', 1, 'CX', '2024-12-12', '2025-03-12', NULL, NULL),
('583', 'LINGUICA TIPO CALABRESA - AURO', 515582, 26, 'KG', 5, 'CX', '2025-01-10', '2025-04-10', NULL, NULL),
('583', 'LINGUICA TIPO CALABRESA - AURO', 515586, 5.2, 'KG', 1, 'CX', '2025-01-10', '2025-04-10', NULL, NULL),
('583', 'LINGUICA TIPO CALABRESA - AURO', 515595, 26, 'KG', 5, 'CX', '2025-01-10', '2025-04-10', NULL, NULL),
('583', 'LINGUICA TIPO CALABRESA - AURO', 515598, 26, 'KG', 5, 'CX', '2025-01-10', '2025-04-10', NULL, NULL),
('583', 'LINGUICA TIPO CALABRESA - AURO', 515636, 5.2, 'KG', 1, 'CX', '2024-12-02', '2025-03-02', NULL, NULL),
('583', 'LINGUICA TIPO CALABRESA - AURO', 515673, 5.2, 'KG', 1, 'CX', '2024-11-23', '2025-02-21', NULL, NULL),
('589', 'MORTADELA DEFUMADA - SUINO - A', 515685, 124.99, 'KG', 15, 'CX', '2024-12-10', '2025-02-08', NULL, 'S'),
('589', 'MORTADELA DEFUMADA - SUINO - A', 515686, 49.86, 'KG', 6, 'CX', '2024-12-10', '2025-02-08', NULL, 'S'),
('589', 'MORTADELA DEFUMADA - SUINO - A', 515696, 33.1, 'KG', 4, 'CX', '2025-01-14', '2025-03-15', NULL, 'S'),
('589', 'MORTADELA DEFUMADA - SUINO - A', 515700, 8.29, 'KG', 1, 'CX', '2025-01-14', '2025-03-15', NULL, 'S'),
('589', 'MORTADELA DEFUMADA - SUINO - A', 515714, 8.31, 'KG', 1, 'CX', '2025-01-14', '2025-03-15', NULL, 'S'),
('589', 'MORTADELA DEFUMADA - SUINO - A', 515732, 32.79, 'KG', 4, 'CX', '2025-01-14', '2025-03-15', NULL, 'S'),
('589-0557', 'MORTADELA DEFUMADA - SUINO - A', 515732, 8.3, 'kg', 1, NULL, '2025-01-14', '2025-03-15', 557, NULL),
('589-0601', 'MORTADELA DEFUMADA - SUINO - A', 515732, 8.25, 'kg', 1, NULL, '2025-01-14', '2025-03-15', 601, NULL),
('589-0854', 'MORTADELA DEFUMADA - SUINO - A', 515732, 8.2, 'kg', 1, NULL, '2025-01-14', '2025-03-15', 854, NULL),
('589-0885', 'MORTADELA DEFUMADA - SUINO - A', 515732, 8.04, 'kg', 1, NULL, '2025-01-14', '2025-03-15', 885, NULL),
('589-1098', 'MORTADELA DEFUMADA - SUINO - A', 515685, 8.41, 'kg', 1, NULL, '2024-12-10', '2025-02-08', 1098, NULL),
('589-1128', 'MORTADELA DEFUMADA - SUINO - A', 515685, 8.32, 'kg', 1, NULL, '2024-12-10', '2025-02-08', 1128, NULL),
('589-1265', 'MORTADELA DEFUMADA - SUINO - A', 515685, 8.37, 'kg', 1, NULL, '2024-12-10', '2025-02-08', 1265, NULL),
('589-1289', 'MORTADELA DEFUMADA - SUINO - A', 515685, 8.36, 'kg', 1, NULL, '2024-12-10', '2025-02-08', 1289, NULL),
('589-1296', 'MORTADELA DEFUMADA - SUINO - A', 515685, 8.29, 'kg', 1, NULL, '2024-12-10', '2025-02-08', 1296, NULL),
('589-1432', 'MORTADELA DEFUMADA - SUINO - A', 515685, 8.32, 'kg', 1, NULL, '2024-12-10', '2025-02-08', 1432, NULL),
('589-1500', 'MORTADELA DEFUMADA - SUINO - A', 515685, 8.36, 'kg', 1, NULL, '2024-12-10', '2025-02-08', 1500, NULL),
('589-1548', 'MORTADELA DEFUMADA - SUINO - A', 515685, 8.34, 'kg', 1, NULL, '2024-12-10', '2025-02-08', 1548, NULL),
('589-1586', 'MORTADELA DEFUMADA - SUINO - A', 515685, 8.3, 'kg', 1, NULL, '2024-12-10', '2025-02-08', 1586, NULL),
('589-1661', 'MORTADELA DEFUMADA - SUINO - A', 515685, 8.31, 'kg', 1, NULL, '2024-12-10', '2025-02-08', 1661, NULL),
('589-1684', 'MORTADELA DEFUMADA - SUINO - A', 515696, 8.28, 'kg', 1, NULL, '2025-01-14', '2025-03-15', 1684, NULL),
('589-1707', 'MORTADELA DEFUMADA - SUINO - A', 515696, 8.28, 'kg', 1, NULL, '2025-01-14', '2025-03-15', 1707, NULL),
('589-1721', 'MORTADELA DEFUMADA - SUINO - A', 515696, 8.29, 'kg', 1, NULL, '2025-01-14', '2025-03-15', 1721, NULL),
('589-1722', 'MORTADELA DEFUMADA - SUINO - A', 515685, 8.31, 'kg', 1, NULL, '2024-12-10', '2025-02-08', 1722, NULL),
('589-1738', 'MORTADELA DEFUMADA - SUINO - A', 515696, 8.25, 'kg', 1, NULL, '2025-01-14', '2025-03-15', 1738, NULL),
('589-1814', 'MORTADELA DEFUMADA - SUINO - A', 515685, 8.35, 'kg', 1, NULL, '2024-12-10', '2025-02-08', 1814, NULL),
('589-1837', 'MORTADELA DEFUMADA - SUINO - A', 515700, 8.29, 'kg', 1, NULL, '2025-01-14', '2025-03-15', 1837, NULL),
('589-1852', 'MORTADELA DEFUMADA - SUINO - A', 515685, 8.29, 'kg', 1, NULL, '2024-12-10', '2025-02-08', 1852, NULL),
('589-1913', 'MORTADELA DEFUMADA - SUINO - A', 515685, 8.31, 'kg', 1, NULL, '2024-12-10', '2025-02-08', 1913, NULL),
('589-1944', 'MORTADELA DEFUMADA - SUINO - A', 515685, 8.35, 'kg', 1, NULL, '2024-12-10', '2025-02-08', 1944, NULL),
('589-1982', 'MORTADELA DEFUMADA - SUINO - A', 515686, 8.29, 'kg', 1, NULL, '2024-12-10', '2025-02-08', 1982, NULL),
('589-2019', 'MORTADELA DEFUMADA - SUINO - A', 515686, 8.35, 'kg', 1, NULL, '2024-12-10', '2025-02-08', 2019, NULL),
('589-2071', 'MORTADELA DEFUMADA - SUINO - A', 515686, 8.3, 'kg', 1, NULL, '2024-12-10', '2025-02-08', 2071, NULL),
('589-2095', 'MORTADELA DEFUMADA - SUINO - A', 515686, 8.35, 'kg', 1, NULL, '2024-12-10', '2025-02-08', 2095, NULL),
('589-2315', 'MORTADELA DEFUMADA - SUINO - A', 515714, 8.31, 'kg', 1, NULL, '2025-01-14', '2025-03-15', 2315, NULL),
('589-2514', 'MORTADELA DEFUMADA - SUINO - A', 515686, 8.25, 'kg', 1, NULL, '2024-12-10', '2025-02-08', 2514, NULL),
('589-2576', 'MORTADELA DEFUMADA - SUINO - A', 515686, 8.32, 'kg', 1, NULL, '2024-12-10', '2025-02-08', 2576, NULL),
('596', 'EMBUTIDO COZIDO DEFUMADO DE PE', 515671, 18.183, 'KG', 3, 'CX', '2025-01-14', '2025-03-15', NULL, 'S'),
('596-7174', 'EMBUTIDO COZIDO DEFUMADO DE PE', 515671, 6.016, 'kg', 1, NULL, '2025-01-14', '2025-03-15', 7174, NULL),
('596-7242', 'EMBUTIDO COZIDO DEFUMADO DE PE', 515671, 6.096, 'kg', 1, NULL, '2025-01-14', '2025-03-15', 7242, NULL),
('596-8393', 'EMBUTIDO COZIDO DEFUMADO DE PE', 515671, 6.071, 'kg', 1, NULL, '2025-01-14', '2025-03-15', 8393, NULL),
('620', 'SALAME FATIADO - SUINO - AUROR', 515636, 3.5, 'KG', 1, 'CX', '2025-01-09', '2025-04-09', NULL, NULL),
('620', 'SALAME FATIADO - SUINO - AUROR', 515640, 3.5, 'KG', 1, 'CX', '2025-01-09', '2025-04-09', NULL, NULL),
('620', 'SALAME FATIADO - SUINO - AUROR', 515653, 3.5, 'KG', 1, 'CX', '2025-01-09', '2025-04-09', NULL, NULL),
('620', 'SALAME FATIADO - SUINO - AUROR', 515676, 3.5, 'KG', 1, 'CX', '2025-01-09', '2025-04-09', NULL, NULL),
('620', 'SALAME FATIADO - SUINO - AUROR', 515695, 3.5, 'KG', 1, 'CX', '2025-01-09', '2025-04-09', NULL, NULL),
('620', 'SALAME FATIADO - SUINO - AUROR', 515709, 7, 'KG', 2, 'CX', '2025-01-09', '2025-04-09', NULL, NULL),
('620', 'SALAME FATIADO - SUINO - AUROR', 515711, 7, 'KG', 2, 'CX', '2025-01-09', '2025-04-09', NULL, NULL),
('620', 'SALAME FATIADO - SUINO - AUROR', 515720, 7, 'KG', 2, 'CX', '2025-01-09', '2025-04-09', NULL, NULL),
('620', 'SALAME FATIADO - SUINO - AUROR', 515728, 3.5, 'KG', 1, 'CX', '2025-01-09', '2025-04-09', NULL, NULL),
('620', 'SALAME FATIADO - SUINO - AUROR', 515729, 7, 'KG', 2, 'CX', '2025-01-09', '2025-04-09', NULL, NULL),
('620', 'SALAME FATIADO - SUINO - AUROR', 515730, 3.5, 'KG', 1, 'CX', '2025-01-09', '2025-04-09', NULL, NULL),
('620', 'SALAME FATIADO - SUINO - AUROR', 515731, 3.5, 'KG', 1, 'CX', '2025-01-09', '2025-04-09', NULL, NULL),
('620', 'SALAME FATIADO - SUINO - AUROR', 515737, 3.5, 'KG', 1, 'CX', '2025-01-09', '2025-04-09', NULL, NULL),
('620', 'SALAME FATIADO - SUINO - AUROR', 515738, 7, 'KG', 2, 'CX', '2025-01-09', '2025-04-09', NULL, NULL),
('620', 'SALAME FATIADO - SUINO - AUROR', 515739, 7, 'KG', 2, 'CX', '2025-01-09', '2025-04-09', NULL, NULL),
('684', 'MORTADELA - SUINO - AURORA - 4', 515581, 18, 'KG', 3, 'CX', '2025-01-13', '2025-03-14', NULL, NULL),
('684', 'MORTADELA - SUINO - AURORA - 4', 515587, 18, 'KG', 3, 'CX', '2025-01-13', '2025-03-14', NULL, NULL),
('684', 'MORTADELA - SUINO - AURORA - 4', 515594, 30, 'KG', 5, 'CX', '2025-01-13', '2025-03-14', NULL, NULL),
('684', 'MORTADELA - SUINO - AURORA - 4', 515604, 60, 'KG', 10, 'CX', '2025-01-13', '2025-03-14', NULL, NULL),
('711', 'BANHA - SUINO - AURORA', 515607, 105, 'KG', 7, 'CX', '2025-01-22', '2025-07-21', NULL, NULL),
('711', 'BANHA - SUINO - AURORA', 515640, 150, 'KG', 10, 'CX', '2025-01-22', '2025-07-21', NULL, NULL),
('711', 'BANHA - SUINO - AURORA', 515649, 15, 'KG', 1, 'CX', '2025-01-22', '2025-07-21', NULL, NULL),
('711', 'BANHA - SUINO - AURORA', 515664, 15, 'KG', 1, 'CX', '2025-01-22', '2025-07-21', NULL, NULL),
('711', 'BANHA - SUINO - AURORA', 515677, 30, 'KG', 2, 'CX', '2025-01-22', '2025-07-21', NULL, NULL),
('711', 'BANHA - SUINO - AURORA', 515696, 15, 'KG', 1, 'CX', '2025-01-22', '2025-07-21', NULL, NULL),
('711', 'BANHA - SUINO - AURORA', 515714, 15, 'KG', 1, 'CX', '2025-01-22', '2025-07-21', NULL, NULL),
('713', 'SALSICHA DE FRANGO - AURORA - ', 515655, 6, 'KG', 1, 'CX', '2024-12-17', '2025-03-17', NULL, NULL),
('715', 'BANHA', 515634, 5.4, 'KG', 1, 'CX', '2025-01-03', '2025-07-02', NULL, NULL),
('715', 'BANHA', 515664, 5.4, 'KG', 1, 'CX', '2025-01-03', '2025-07-02', NULL, NULL),
('715', 'BANHA', 515677, 5.4, 'KG', 1, 'CX', '2025-01-03', '2025-07-02', NULL, NULL),
('715', 'BANHA', 515683, 10.8, 'KG', 2, 'CX', '2025-01-03', '2025-07-02', NULL, NULL),
('715', 'BANHA', 515684, 10.8, 'KG', 2, 'CX', '2025-01-03', '2025-07-02', NULL, NULL),
('715', 'BANHA', 515705, 5.4, 'KG', 1, 'CX', '2025-01-03', '2025-07-02', NULL, NULL),
('715', 'BANHA', 515728, 5.4, 'KG', 1, 'CX', '2025-01-03', '2025-07-02', NULL, NULL),
('715', 'BANHA', 515729, 5.4, 'KG', 1, 'CX', '2025-01-03', '2025-07-02', NULL, NULL),
('715', 'BANHA', 515738, 5.4, 'KG', 1, 'CX', '2025-01-03', '2025-07-02', NULL, NULL),
('715', 'BANHA', 515739, 5.4, 'KG', 1, 'CX', '2025-01-03', '2025-07-02', NULL, NULL);

--
-- Acionadores `produtos`
--
DELIMITER $$
CREATE TRIGGER `before_insert_produtos` BEFORE INSERT ON `produtos` FOR EACH ROW BEGIN
    -- Verifica se data_producao não é NULL e é inteiro para converter
    IF NEW.data_producao IS NOT NULL AND NEW.data_producao REGEXP '^[0-9]+$' THEN
        SET NEW.data_producao = DATE_ADD('1899-12-30', INTERVAL NEW.data_producao DAY);
    END IF;

    -- Verifica se data_vencimento não é NULL e é inteiro para converter
    IF NEW.data_validade IS NOT NULL AND NEW.data_validade REGEXP '^[0-9]+$' THEN
        SET NEW.data_validade = DATE_ADD('1899-12-30', INTERVAL NEW.data_validade DAY);
    END IF;
END
$$
DELIMITER ;

-- --------------------------------------------------------

--
-- Estrutura para tabela `redes`
--

CREATE TABLE `redes` (
  `fk_notas_n_nota` varchar(14) NOT NULL,
  `fornecedor` varchar(15) NOT NULL
) ENGINE=InnoDB DEFAULT CHARSET=utf8mb4 COLLATE=utf8mb4_general_ci;

-- --------------------------------------------------------

--
-- Estrutura para tabela `saudali_notas`
--

CREATE TABLE `saudali_notas` (
  `nf` int(9) NOT NULL,
  `carga` int(9) NOT NULL
) ENGINE=InnoDB DEFAULT CHARSET=utf8mb4 COLLATE=utf8mb4_general_ci;

--
-- Despejando dados para a tabela `saudali_notas`
--

INSERT INTO `saudali_notas` (`nf`, `carga`) VALUES
(3987791, 108569),
(3987792, 108569),
(3987793, 108569),
(3987794, 108569),
(3987795, 108569),
(3987796, 108569),
(3987797, 108569),
(3987798, 108569),
(3987799, 108569),
(3987800, 108569),
(3987801, 108569),
(3987802, 108569),
(3987803, 108569),
(3987775, 108569),
(3987776, 108569),
(3987777, 108569),
(3987778, 108569),
(3987779, 108569),
(3987780, 108569),
(3987781, 108569),
(3987782, 108569),
(3987783, 108569),
(3987784, 108569),
(3987785, 108569),
(3987786, 108569),
(3987787, 108569),
(3987788, 108569),
(3987789, 108569),
(3987790, 108569),
(3987760, 108569),
(3987761, 108569),
(3987762, 108569),
(3987763, 108569),
(3987764, 108569),
(3987765, 108569),
(3987766, 108569),
(3987767, 108569),
(3987768, 108569),
(3987769, 108569),
(3987770, 108569),
(3987771, 108569),
(3987772, 108569),
(3987773, 108569),
(3987774, 108569),
(3987745, 108569),
(3987746, 108569),
(3987747, 108569),
(3987748, 108569),
(3987749, 108569),
(3987750, 108569),
(3987751, 108569),
(3987752, 108569),
(3987753, 108569),
(3987754, 108569),
(3987755, 108569),
(3987756, 108569),
(3987757, 108569),
(3987758, 108569),
(3987759, 108569),
(3987730, 108569),
(3987731, 108569),
(3987732, 108569),
(3987733, 108569),
(3987734, 108569),
(3987735, 108569),
(3987736, 108569),
(3987737, 108569),
(3987738, 108569),
(3987739, 108569),
(3987740, 108569),
(3987741, 108569),
(3987742, 108569),
(3987743, 108569),
(3987744, 108569),
(3987714, 108569),
(3987715, 108569),
(3987716, 108569),
(3987717, 108569),
(3987718, 108569),
(3987719, 108569),
(3987720, 108569),
(3987721, 108569),
(3987722, 108569),
(3987723, 108569),
(3987724, 108569),
(3987725, 108569),
(3987726, 108569),
(3987727, 108569),
(3987728, 108569),
(3987729, 108569),
(3987699, 108569),
(3987700, 108569),
(3987701, 108569),
(3987702, 108569),
(3987703, 108569),
(3987704, 108569),
(3987705, 108569),
(3987706, 108569),
(3987707, 108569),
(3987708, 108569),
(3987709, 108569),
(3987710, 108569),
(3987711, 108569),
(3987712, 108569),
(3987713, 108569),
(3987683, 108569),
(3987684, 108569),
(3987685, 108569),
(3987686, 108569),
(3987687, 108569),
(3987688, 108569),
(3987689, 108569),
(3987690, 108569),
(3987691, 108569),
(3987692, 108569),
(3987693, 108569),
(3987694, 108569),
(3987695, 108569),
(3987696, 108569),
(3987697, 108569),
(3987698, 108569),
(3987670, 108569),
(3987671, 108569),
(3987672, 108569),
(3987673, 108569),
(3987674, 108569),
(3987675, 108569),
(3987676, 108569),
(3987677, 108569),
(3987678, 108569),
(3987679, 108569),
(3987680, 108569),
(3987681, 108569),
(3987682, 108569),
(3987791, 108569),
(3987792, 108569),
(3987793, 108569),
(3987794, 108569),
(3987795, 108569),
(3987796, 108569),
(3987797, 108569),
(3987798, 108569),
(3987799, 108569),
(3987800, 108569),
(3987801, 108569),
(3987802, 108569),
(3987803, 108569),
(3987775, 108569),
(3987776, 108569),
(3987777, 108569),
(3987778, 108569),
(3987779, 108569),
(3987780, 108569),
(3987781, 108569),
(3987782, 108569),
(3987783, 108569),
(3987784, 108569),
(3987785, 108569),
(3987786, 108569),
(3987787, 108569),
(3987788, 108569),
(3987789, 108569),
(3987790, 108569),
(3987760, 108569),
(3987761, 108569),
(3987762, 108569),
(3987763, 108569),
(3987764, 108569),
(3987765, 108569),
(3987766, 108569),
(3987767, 108569),
(3987768, 108569),
(3987769, 108569),
(3987770, 108569),
(3987771, 108569),
(3987772, 108569),
(3987773, 108569),
(3987774, 108569),
(3987745, 108569),
(3987746, 108569),
(3987747, 108569),
(3987748, 108569),
(3987749, 108569),
(3987750, 108569),
(3987751, 108569),
(3987752, 108569),
(3987753, 108569),
(3987754, 108569),
(3987755, 108569),
(3987756, 108569),
(3987757, 108569),
(3987758, 108569),
(3987759, 108569),
(3987730, 108569),
(3987731, 108569),
(3987732, 108569),
(3987733, 108569),
(3987734, 108569),
(3987735, 108569),
(3987736, 108569),
(3987737, 108569),
(3987738, 108569),
(3987739, 108569),
(3987740, 108569),
(3987741, 108569),
(3987742, 108569),
(3987743, 108569),
(3987744, 108569),
(3987714, 108569),
(3987715, 108569),
(3987716, 108569),
(3987717, 108569),
(3987718, 108569),
(3987719, 108569),
(3987720, 108569),
(3987721, 108569),
(3987722, 108569),
(3987723, 108569),
(3987724, 108569),
(3987725, 108569),
(3987726, 108569),
(3987727, 108569),
(3987728, 108569),
(3987729, 108569),
(3987699, 108569),
(3987700, 108569),
(3987701, 108569),
(3987702, 108569),
(3987703, 108569),
(3987704, 108569),
(3987705, 108569),
(3987706, 108569),
(3987707, 108569),
(3987708, 108569),
(3987709, 108569),
(3987710, 108569),
(3987711, 108569),
(3987712, 108569),
(3987713, 108569),
(3987683, 108569),
(3987684, 108569),
(3987685, 108569),
(3987686, 108569),
(3987687, 108569),
(3987688, 108569),
(3987689, 108569),
(3987690, 108569),
(3987691, 108569),
(3987692, 108569),
(3987693, 108569),
(3987694, 108569),
(3987695, 108569),
(3987696, 108569),
(3987697, 108569),
(3987698, 108569),
(3987670, 108569),
(3987671, 108569),
(3987672, 108569),
(3987673, 108569),
(3987674, 108569),
(3987675, 108569),
(3987676, 108569),
(3987677, 108569),
(3987678, 108569),
(3987679, 108569),
(3987680, 108569),
(3987681, 108569),
(3987682, 108569);

-- --------------------------------------------------------

--
-- Estrutura para tabela `suinco_notas`
--

CREATE TABLE `suinco_notas` (
  `fk_notas_n_nota` varchar(14) NOT NULL,
  `Carga` int(8) DEFAULT NULL
) ENGINE=InnoDB DEFAULT CHARSET=utf8mb4 COLLATE=utf8mb4_general_ci;

-- --------------------------------------------------------

--
-- Estrutura para tabela `tipos_clientes`
--

CREATE TABLE `tipos_clientes` (
  `CNPJ` varchar(14) NOT NULL,
  `tipo` varchar(4) NOT NULL
) ENGINE=InnoDB DEFAULT CHARSET=utf8mb4 COLLATE=utf8mb4_general_ci;

-- --------------------------------------------------------

--
-- Estrutura para tabela `usuarios`
--

CREATE TABLE `usuarios` (
  `id` int(10) UNSIGNED NOT NULL,
  `nome` varchar(255) NOT NULL,
  `email` varchar(255) NOT NULL,
  `usuario` varchar(20) NOT NULL,
  `senha` varchar(255) NOT NULL,
  `tipo` char(1) NOT NULL,
  `data` date NOT NULL
) ENGINE=InnoDB DEFAULT CHARSET=utf8mb4 COLLATE=utf8mb4_general_ci;

--
-- Despejando dados para a tabela `usuarios`
--

INSERT INTO `usuarios` (`id`, `nome`, `email`, `usuario`, `senha`, `tipo`, `data`) VALUES
(1, 'admin', 'rootprofile@email.com', 'root', '202cb962ac59075b964b07152d234b70', '1', '2023-10-20'),
(4, 'Cristhian', 'cristhian.limarocha@gmail.com', 'Cristhian', 'Crisdlr44', '1', '2024-11-11');

-- --------------------------------------------------------

--
-- Estrutura stand-in para view `visao_motoristascaminhoes`
-- (Veja abaixo para a visão atual)
--
CREATE TABLE `visao_motoristascaminhoes` (
`placa_caminhao` char(8)
,`modelo_caminhao` char(1)
,`nome_motorista` varchar(20)
,`cpf_motorista` char(11)
,`num_habilitacao` int(11)
,`venci_habilitacao` date
);

-- --------------------------------------------------------

--
-- Estrutura para view `visao_motoristascaminhoes`
--
DROP TABLE IF EXISTS `visao_motoristascaminhoes`;

CREATE ALGORITHM=UNDEFINED DEFINER=`root`@`localhost` SQL SECURITY DEFINER VIEW `visao_motoristascaminhoes`  AS SELECT `c`.`placa` AS `placa_caminhao`, `c`.`modelo` AS `modelo_caminhao`, `mt`.`nome` AS `nome_motorista`, `mt`.`CPF_motorista` AS `cpf_motorista`, `mt`.`num_habilitacao` AS `num_habilitacao`, `mt`.`venci_habilitacao` AS `venci_habilitacao` FROM ((`motorista_caminhoes` `m` join `caminhoes` `c`) join `motorista` `mt`) WHERE `m`.`fk_placa` = `c`.`placa` AND `m`.`fk_cpf_motorista` = `mt`.`CPF_motorista` ;

--
-- Índices para tabelas despejadas
--

--
-- Índices de tabela `anomalias`
--
ALTER TABLE `anomalias`
  ADD PRIMARY KEY (`cod`);

--
-- Índices de tabela `aurora_notas`
--
ALTER TABLE `aurora_notas`
  ADD PRIMARY KEY (`fk_notas_n_nota`);

--
-- Índices de tabela `base_rotas`
--
ALTER TABLE `base_rotas`
  ADD PRIMARY KEY (`id`);

--
-- Índices de tabela `base_rotas_bairros`
--
ALTER TABLE `base_rotas_bairros`
  ADD PRIMARY KEY (`id`);

--
-- Índices de tabela `caminhoes`
--
ALTER TABLE `caminhoes`
  ADD PRIMARY KEY (`placa`);

--
-- Índices de tabela `clientes`
--
ALTER TABLE `clientes`
  ADD PRIMARY KEY (`CNPJ`);

--
-- Índices de tabela `cruzeiro_notas`
--
ALTER TABLE `cruzeiro_notas`
  ADD PRIMARY KEY (`fk_notas_n_nota`);

--
-- Índices de tabela `dellys_notas`
--
ALTER TABLE `dellys_notas`
  ADD PRIMARY KEY (`nf`);

--
-- Índices de tabela `monitoramento`
--
ALTER TABLE `monitoramento`
  ADD PRIMARY KEY (`Id`);

--
-- Índices de tabela `motorista`
--
ALTER TABLE `motorista`
  ADD PRIMARY KEY (`CPF_motorista`);

--
-- Índices de tabela `motorista_caminhoes`
--
ALTER TABLE `motorista_caminhoes`
  ADD PRIMARY KEY (`fk_placa`,`fk_cpf_motorista`);

--
-- Índices de tabela `notas`
--
ALTER TABLE `notas`
  ADD PRIMARY KEY (`n_nota`);

--
-- Índices de tabela `plena_notas`
--
ALTER TABLE `plena_notas`
  ADD PRIMARY KEY (`fk_notas_n_nota`);

--
-- Índices de tabela `produtos`
--
ALTER TABLE `produtos`
  ADD PRIMARY KEY (`cod`,`nf`);

--
-- Índices de tabela `redes`
--
ALTER TABLE `redes`
  ADD PRIMARY KEY (`fk_notas_n_nota`,`fornecedor`);

--
-- Índices de tabela `suinco_notas`
--
ALTER TABLE `suinco_notas`
  ADD PRIMARY KEY (`fk_notas_n_nota`);

--
-- Índices de tabela `tipos_clientes`
--
ALTER TABLE `tipos_clientes`
  ADD PRIMARY KEY (`CNPJ`);

--
-- Índices de tabela `usuarios`
--
ALTER TABLE `usuarios`
  ADD PRIMARY KEY (`id`);

--
-- AUTO_INCREMENT para tabelas despejadas
--

--
-- AUTO_INCREMENT de tabela `anomalias`
--
ALTER TABLE `anomalias`
  MODIFY `cod` smallint(10) UNSIGNED NOT NULL AUTO_INCREMENT, AUTO_INCREMENT=15;

--
-- AUTO_INCREMENT de tabela `base_rotas`
--
ALTER TABLE `base_rotas`
  MODIFY `id` smallint(6) UNSIGNED NOT NULL AUTO_INCREMENT, AUTO_INCREMENT=59;

--
-- AUTO_INCREMENT de tabela `base_rotas_bairros`
--
ALTER TABLE `base_rotas_bairros`
  MODIFY `id` smallint(4) UNSIGNED NOT NULL AUTO_INCREMENT, AUTO_INCREMENT=194;

--
-- AUTO_INCREMENT de tabela `monitoramento`
--
ALTER TABLE `monitoramento`
  MODIFY `Id` smallint(6) UNSIGNED NOT NULL AUTO_INCREMENT, AUTO_INCREMENT=14;
COMMIT;

/*!40101 SET CHARACTER_SET_CLIENT=@OLD_CHARACTER_SET_CLIENT */;
/*!40101 SET CHARACTER_SET_RESULTS=@OLD_CHARACTER_SET_RESULTS */;
/*!40101 SET COLLATION_CONNECTION=@OLD_COLLATION_CONNECTION */;
